DATA;AC;AL;AM;AP;BA;CE;DF;ES;GO;MA;MG;MS;MT;PA;PB;PE;PI;PR;RJ;RN;RO;RR;RS;SC;SE;SP;TO;Brasil;Centro-Oeste;Nordeste;Norte;Sudeste;Sul
201211;0.0;0.0;0.0;0.0;0.0;0.0;0.0;0.0;0.0;0.0;0.0;0.0;0.0;0.0;0.0;0.0;0.0;1;2.0;0.0;0.0;0.0;0.0;0.0;0.0;2.0;0.0;5.0;0.0;0.0;0.0;4.0;1.0
201212;0.0;0.0;0.0;0.0;0.0;0.0;0.0;0.0;0.0;0.0;0.0;0.0;0.0;0.0;0.0;0.0;0.0;1;2.0;0.0;0.0;0.0;0.0;0.0;0.0;4.0;0.0;7.0;0.0;0.0;0.0;6.0;1.0
201301;0.0;1278.0;53.0;0.0;1199.0;1338.0;0.0;62.0;509.0;551.0;3029.0;471.0;685.0;1259.0;698.0;1049.0;172.0;3086;757.0;271.0;192.0;1.0;1312.0;1358.0;123.0;7707.0;237.0;27397.0;1672.0;6672.0;1742.0;11555.0;5756.0
201302;0.0;957.0;109.0;0.0;1336.0;844.0;11.0;59.0;777.0;570.0;2250.0;878.0;1035.0;1347.0;870.0;767.0;243.0;4215;639.0;231.0;175.0;3.0;953.0;1298.0;111.0;7827.0;163.0;27668.0;2694.0;5936.0;1797.0;10775.0;6466.0
201303;0.0;1101.0;230.0;0.0;1794.0;1484.0;10.0;59.0;1161.0;544.0;2951.0;1061.0;1111.0;1873.0;1023.0;1032.0;294.0;3595;757.0;260.0;160.0;18.0;1414.0;1365.0;82.0;10149.0;128.0;33656.0;3343.0;7614.0;2409.0;13916.0;6374.0
201304;0.0;1924.0;202.0;0.0;2006.0;2087.0;0.0;162.0;1297.0;909.0;3070.0;913.0;1386.0;2924.0;1146.0;986.0;382.0;4138;672.0;275.0;344.0;34.0;1408.0;1946.0;121.0;11579.0;215.0;40126.0;3596.0;9836.0;3719.0;15483.0;7492.0
201305;0.0;1515.0;188.0;0.0;1672.0;1724.0;17.0;136.0;1124.0;1015.0;3435.0;1033.0;1082.0;2484.0;1074.0;1060.0;296.0;4589;822.0;317.0;228.0;0.0;1494.0;2105.0;164.0;10193.0;208.0;37975.0;3256.0;8837.0;3108.0;14586.0;8188.0
201306;1.0;1364.0;210.0;0.0;1808.0;1635.0;5.0;211.0;1660.0;782.0;2946.0;748.0;1249.0;2606.0;1340.0;982.0;463.0;5009;1013.0;392.0;418.0;3.0;1631.0;1944.0;193.0;10966.0;206.0;39785.0;3662.0;8959.0;3443.0;15136.0;8585.0
201307;1.0;1729.0;222.0;0.0;1825.0;1548.0;30.0;183.0;1548.0;978.0;3673.0;872.0;1352.0;2440.0;1712.0;1231.0;641.0;5068;788.0;427.0;501.0;1.0;1674.0;2509.0;207.0;11343.0;188.0;42691.0;3802.0;10298.0;3352.0;15987.0;9252.0
201308;3.0;1512.0;128.0;0.0;2262.0;1738.0;14.0;171.0;1377.0;955.0;3773.0;1035.0;1395.0;2785.0;1670.0;1276.0;589.0;4671;782.0;357.0;509.0;23.0;1830.0;2270.0;382.0;12853.0;232.0;44592.0;3821.0;10741.0;3677.0;17582.0;8771.0
201309;17.0;1869.0;185.0;0.0;2421.0;1835.0;38.0;217.0;1692.0;804.0;3631.0;1162.0;1262.0;2646.0;2087.0;1277.0;554.0;5087;830.0;344.0;421.0;23.0;1491.0;2551.0;326.0;13053.0;241.0;46064.0;4154.0;11517.0;3531.0;17733.0;9129.0
201310;12.0;2224.0;136.0;0.0;2692.0;2173.0;10.0;193.0;1669.0;997.0;3774.0;965.0;1418.0;2372.0;2602.0;1249.0;504.0;6118;1160.0;315.0;521.0;12.0;2257.0;2930.0;289.0;13934.0;251.0;50777.0;4016.0;13093.0;3303.0;19087.0;11278.0
201311;40.0;1922.0;196.0;0.0;3241.0;2107.0;31.0;112.0;2448.0;983.0;3082.0;993.0;905.0;2792.0;2027.0;1271.0;454.0;4553;1009.0;334.0;302.0;6.0;2193.0;2535.0;370.0;12277.0;306.0;46489.0;4258.0;12824.0;3596.0;16477.0;9334.0
201312;15.0;1445.0;197.0;0.0;2062.0;1773.0;34.0;197.0;2038.0;1016.0;2826.0;752.0;688.0;2003.0;1867.0;1076.0;524.0;4096;650.0;272.0;345.0;23.0;1786.0;1866.0;288.0;9575.0;151.0;37565.0;3412.0;10333.0;2609.0;13285.0;7926.0
201401;40.0;1570.0;281.0;0.0;2276.0;2293.0;60.0;148.0;1886.0;1120.0;3184.0;684.0;952.0;2546.0;1887.0;1093.0;733.0;3948;847.0;310.0;360.0;27.0;1828.0;1945.0;357.0;11455.0;219.0;42049.0;1910.0;9814.0;2855.0;18629.0;8841.0
201402;20.0;1603.0;128.0;0.0;2425.0;1778.0;33.0;158.0;1931.0;1293.0;3187.0;958.0;1339.0;2360.0;2032.0;1248.0;622.0;4504;805.0;352.0;162.0;46.0;1882.0;2280.0;383.0;12594.0;259.0;44382.0;2134.0;10688.0;957.0;20600.0;10003.0
201403;0.0;1461.0;109.0;0.0;2890.0;1597.0;7.0;220.0;1773.0;1249.0;2820.0;794.0;690.0;2814.0;2024.0;1117.0;486.0;2976;699.0;271.0;175.0;17.0;1864.0;2588.0;375.0;12571.0;226.0;41813.0;2203.0;10459.0;881.0;19545.0;8725.0
201404;22.0;1579.0;134.0;0.0;2939.0;1622.0;13.0;226.0;1907.0;1521.0;3091.0;1035.0;850.0;2232.0;2474.0;1105.0;577.0;4073;658.0;290.0;186.0;44.0;2249.0;2625.0;368.0;14681.0;278.0;46779.0;2437.0;10688.0;921.0;22189.0;10544.0
201405;21.0;1798.0;113.0;0.0;3213.0;1771.0;27.0;210.0;1305.0;1306.0;3451.0;968.0;794.0;2420.0;2245.0;998.0;611.0;3465;946.0;310.0;114.0;31.0;2227.0;3169.0;373.0;15272.0;199.0;47357.0;2447.0;10736.0;2966.0;22030.0;9178.0
201406;48.0;1583.0;282.0;0.0;2725.0;2215.0;53.0;207.0;1517.0;1145.0;3196.0;723.0;752.0;2602.0;2116.0;940.0;560.0;3967;911.0;294.0;151.0;19.0;2035.0;2904.0;437.0;15304.0;212.0;46898.0;4626.0;14848.0;5502.0;15316.0;6606.0
201407;25.0;2026.0;327.0;0.0;3401.0;2380.0;17.0;222.0;1768.0;1027.0;3347.0;954.0;766.0;2059.0;2466.0;1265.0;587.0;3940;1114.0;339.0;219.0;31.0;2033.0;3632.0;488.0;17181.0;372.0;51986.0;6274.0;28506.0;3745.0;6422.0;7039.0
201408;25.0;1580.0;111.0;0.0;3315.0;2093.0;27.0;270.0;1560.0;1052.0;3429.0;1129.0;634.0;2503.0;2726.0;1219.0;704.0;4407;717.0;308.0;242.0;30.0;2147.0;3202.0;335.0;16704.0;564.0;51033.0;5899.0;25945.0;5730.0;6975.0;6484.0
201409;36.0;1786.0;258.0;0.0;3555.0;2018.0;48.0;279.0;2053.0;1215.0;3716.0;1558.0;904.0;3142.0;2543.0;1137.0;654.0;4725;992.0;341.0;244.0;17.0;2238.0;4086.0;430.0;17722.0;282.0;55979.0;6367.0;27758.0;3746.0;9577.0;8531.0
201410;38.0;1577.0;239.0;0.0;3354.0;2376.0;15.0;315.0;2052.0;1017.0;3703.0;1496.0;1124.0;2720.0;2389.0;1284.0;680.0;4352;1048.0;320.0;281.0;45.0;4378.0;3950.0;297.0;15985.0;181.0;55216.0;6384.0;21004.0;3728.0;15682.0;8418.0
201411;4.0;1550.0;168.0;0.0;3127.0;2249.0;13.0;248.0;1786.0;1096.0;3653.0;1419.0;951.0;2720.0;2126.0;1207.0;734.0;4503;775.0;272.0;199.0;33.0;4315.0;3237.0;250.0;14746.0;233.0;51614.0;5883.0;18011.0;4113.0;16234.0;7373.0
201412;29.0;1134.0;163.0;0.0;2738.0;1768.0;16.0;195.0;1525.0;869.0;2996.0;670.0;695.0;2189.0;1630.0;998.0;578.0;2985;606.0;185.0;179.0;23.0;3359.0;2749.0;187.0;12913.0;168.0;41547.0;14776.0;6184.0;3929.0;10870.0;5788.0
201501;22.0;1280.0;208.0;0.0;3049.0;2232.0;20.0;428.0;1372.0;1050.0;3252.0;975.0;648.0;2340.0;1510.0;1138.0;726.0;2968;695.0;272.0;192.0;93.0;2983.0;2479.0;362.0;15312.0;220.0;45826.0;1822.0;10838.0;3811.0;23401.0;5954.0
201502;37.0;1456.0;199.0;0.0;2909.0;2495.0;27.0;312.0;1712.0;1282.0;3232.0;1223.0;693.0;2434.0;1822.0;1029.0;505.0;3111;804.0;126.0;295.0;65.0;2847.0;2715.0;232.0;14578.0;190.0;46330.0;3969.0;14624.0;6117.0;15830.0;5790.0
201503;64.0;2056.0;215.0;0.0;3599.0;2393.0;45.0;406.0;2054.0;1579.0;4488.0;1609.0;910.0;2896.0;1749.0;1561.0;602.0;3863;776.0;110.0;226.0;61.0;3778.0;3817.0;528.0;17089.0;258.0;56732.0;5921.0;25388.0;6319.0;12296.0;6808.0
201504;73.0;1857.0;189.0;0.0;3401.0;1927.0;4.0;275.0;1661.0;1323.0;4027.0;1307.0;1189.0;3102.0;1543.0;1444.0;637.0;3786;731.0;210.0;293.0;66.0;3542.0;3665.0;352.0;16245.0;247.0;53096.0;4570.0;22477.0;4460.0;14844.0;6745.0
201505;78.0;1812.0;261.0;0.0;3384.0;2390.0;31.0;305.0;1932.0;1528.0;4582.0;1551.0;1226.0;2716.0;1582.0;1570.0;533.0;3826;848.0;314.0;339.0;44.0;3522.0;4385.0;410.0;16598.0;239.0;56006.0;4340.0;22800.0;4362.0;18096.0;6408.0
201506;63.0;1631.0;130.0;0.0;3152.0;2377.0;4.0;246.0;1874.0;1425.0;4501.0;1084.0;1107.0;2892.0;1343.0;1429.0;670.0;3560;749.0;322.0;327.0;47.0;3974.0;4945.0;328.0;16234.0;251.0;54665.0;4372.0;21891.0;4289.0;17753.0;6360.0
201507;56.0;1948.0;295.0;0.0;3925.0;2371.0;6.0;277.0;1913.0;1319.0;4270.0;1253.0;1316.0;2610.0;1657.0;1547.0;506.0;4320;738.0;363.0;368.0;19.0;4162.0;4901.0;418.0;16207.0;223.0;56988.0;7540.0;22699.0;1707.0;17724.0;7318.0
201508;36.0;1933.0;305.0;0.0;3424.0;2173.0;8.0;306.0;1402.0;1221.0;4642.0;1218.0;1124.0;3624.0;1850.0;1665.0;712.0;4473;833.0;299.0;382.0;48.0;4329.0;5080.0;365.0;16768.0;248.0;58468.0;19798.0;11241.0;20.0;15147.0;12262.0
201509;40.0;1724.0;269.0;0.0;3662.0;2126.0;2.0;142.0;1730.0;1560.0;4331.0;1350.0;1375.0;3631.0;1835.0;1555.0;683.0;4800;766.0;325.0;358.0;64.0;4347.0;4855.0;498.0;13831.0;316.0;56175.0;6293.0;22577.0;204.0;15842.0;11259.0
201510;48.0;1855.0;414.0;0.0;3356.0;2214.0;14.0;282.0;1410.0;1493.0;4168.0;1544.0;1348.0;3170.0;2075.0;1576.0;709.0;4494;800.0;327.0;476.0;74.0;4319.0;4093.0;430.0;14021.0;313.0;55023.0;13828.0;15629.0;212.0;15327.0;10027.0
201511;76.0;1832.0;221.0;0.0;3020.0;2170.0;5.0;313.0;1704.0;1376.0;4295.0;939.0;1298.0;2676.0;1937.0;1406.0;742.0;4413;847.0;425.0;335.0;129.0;4528.0;3882.0;488.0;13613.0;280.0;52950.0;11680.0;11178.0;1810.0;17424.0;10858.0
201512;55.0;1103.0;216.0;0.0;2504.0;1575.0;10.0;221.0;1423.0;1181.0;3926.0;767.0;878.0;2306.0;1472.0;1066.0;474.0;4926;714.0;302.0;289.0;70.0;3202.0;2799.0;323.0;11170.0;272.0;43244.0;1378.0;6472.0;4982.0;22545.0;7867.0
201601;50.0;1609.0;343.0;0.0;2591.0;1941.0;5.0;134.0;2054.0;1273.0;4087.0;782.0;803.0;2765.0;1628.0;1274.0;824.0;4215;672.0;272.0;380.0;60.0;3044.0;2540.0;396.0;12158.0;268.0;46168.0;1412.0;22388.0;2164.0;14533.0;5671.0
201602;104.0;1294.0;281.0;0.0;2794.0;1722.0;9.0;167.0;2016.0;1202.0;4436.0;1287.0;825.0;2898.0;1797.0;1233.0;810.0;3875;590.0;231.0;418.0;58.0;3664.0;3643.0;427.0;9853.0;260.0;45894.0;1443.0;15687.0;7718.0;15111.0;5935.0
201603;88.0;1749.0;454.0;0.0;3212.0;2055.0;25.0;204.0;2036.0;1190.0;5249.0;1774.0;1181.0;2966.0;2137.0;1478.0;776.0;4183;755.0;298.0;354.0;83.0;5474.0;4627.0;642.0;11198.0;343.0;54531.0;1476.0;22015.0;6574.0;17785.0;6681.0
201604;78.0;1492.0;400.0;0.0;2786.0;1909.0;16.0;218.0;1981.0;1265.0;4645.0;1535.0;903.0;3005.0;1584.0;1202.0;816.0;3950;861.0;245.0;317.0;89.0;5325.0;3807.0;639.0;14995.0;299.0;54362.0;1654.0;25473.0;5582.0;13926.0;7727.0
201605;57.0;1701.0;404.0;0.0;2840.0;2096.0;31.0;389.0;2122.0;1296.0;5049.0;1660.0;1300.0;2589.0;1879.0;1523.0;1016.0;3874;973.0;273.0;321.0;92.0;5407.0;3955.0;541.0;16327.0;345.0;58060.0;2532.0;24830.0;5914.0;15809.0;8975.0
201606;83.0;1672.0;530.0;0.0;2267.0;1915.0;35.0;394.0;1999.0;1561.0;5677.0;1458.0;1420.0;2916.0;2124.0;1502.0;1031.0;3851;896.0;320.0;306.0;64.0;5966.0;4404.0;305.0;18196.0;627.0;61519.0;8835.0;18684.0;6335.0;19416.0;8249.0
201607;81.0;1640.0;440.0;0.0;3014.0;1856.0;22.0;453.0;1552.0;1251.0;5094.0;1108.0;1073.0;2509.0;2461.0;1573.0;848.0;4355;962.0;353.0;313.0;105.0;6035.0;3363.0;450.0;16713.0;453.0;58077.0;21577.0;11864.0;2047.0;14229.0;8360.0
201608;62.0;1669.0;369.0;0.0;2955.0;2556.0;20.0;543.0;1597.0;1790.0;5781.0;1681.0;1842.0;3339.0;2664.0;1474.0;1083.0;4761;941.0;248.0;439.0;29.0;6556.0;3956.0;483.0;19722.0;508.0;67068.0;12669.0;26887.0;1177.0;17100.0;9235.0
201609;74.0;1621.0;429.0;0.0;2626.0;2333.0;43.0;362.0;1840.0;694.0;5456.0;1724.0;1705.0;2679.0;2097.0;1506.0;948.0;4716;950.0;237.0;342.0;49.0;5637.0;4750.0;368.0;19354.0;561.0;63101.0;22875.0;12217.0;5040.0;19398.0;3571.0
201610;35.0;1540.0;415.0;0.0;2008.0;2043.0;22.0;323.0;2164.0;1698.0;5252.0;1058.0;1771.0;2870.0;2052.0;1319.0;776.0;4677;828.0;206.0;319.0;20.0;4950.0;4568.0;435.0;17902.0;582.0;59833.0;5224.0;11387.0;1586.0;31506.0;10130.0
201611;48.0;1556.0;475.0;0.0;2029.0;2028.0;13.0;364.0;1313.0;995.0;4853.0;1414.0;1337.0;3059.0;2014.0;1173.0;851.0;4436;857.0;199.0;291.0;48.0;5100.0;3956.0;387.0;17107.0;622.0;56525.0;3672.0;7793.0;4135.0;29149.0;11776.0
201612;194.0;835.0;315.0;0.0;1929.0;1406.0;7.0;301.0;1341.0;828.0;4095.0;581.0;1519.0;2554.0;1235.0;929.0;500.0;3425;710.0;169.0;340.0;60.0;4016.0;2737.0;254.0;13812.0;385.0;44477.0;3101.0;7402.0;11337.0;13184.0;9453.0
201701;146.0;957.0;283.0;0.0;1593.0;1636.0;23.0;337.0;1047.0;1233.0;4569.0;732.0;1346.0;3734.0;1894.0;1421.0;835.0;3221;968.0;217.0;251.0;62.0;4350.0;2948.0;587.0;15612.0;658.0;50660.0;16887.0;17848.0;831.0;12457.0;2637.0
201702;103.0;1092.0;351.0;0.0;2428.0;1939.0;15.0;206.0;1492.0;650.0;4729.0;926.0;1787.0;3443.0;2078.0;1307.0;850.0;3909;799.0;336.0;293.0;50.0;3733.0;2691.0;551.0;13911.0;531.0;50200.0;3373.0;28525.0;931.0;12873.0;4498.0
201703;98.0;1489.0;409.0;0.0;2724.0;2518.0;40.0;390.0;1759.0;1664.0;5341.0;1719.0;2368.0;4073.0;2417.0;1732.0;1021.0;4362;1356.0;377.0;309.0;79.0;5032.0;4549.0;597.0;16081.0;693.0;63197.0;18197.0;15850.0;2096.0;18699.0;8355.0
201704;114.0;1283.0;488.0;0.0;2666.0;2266.0;27.0;259.0;1731.0;2667.0;4952.0;1594.0;2169.0;3743.0;1975.0;1627.0;1090.0;3878;1093.0;335.0;271.0;85.0;4462.0;4106.0;602.0;14524.0;643.0;58650.0;9102.0;11951.0;1599.0;28442.0;7556.0
201705;174.0;1629.0;604.0;0.0;3138.0;2857.0;35.0;292.0;2249.0;3151.0;5875.0;2267.0;2881.0;4671.0;2392.0;2123.0;1399.0;4693;1034.0;464.0;378.0;77.0;5897.0;5074.0;659.0;17255.0;533.0;71801.0;5106.0;13540.0;2764.0;41361.0;9030.0
201706;226.0;1467.0;515.0;0.0;2953.0;2354.0;15.0;251.0;2021.0;2909.0;5678.0;1867.0;2830.0;4908.0;2172.0;2122.0;1272.0;3973;1122.0;367.0;315.0;58.0;5544.0;4474.0;619.0;17395.0;530.0;67957.0;4375.0;16237.0;9275.0;28476.0;9594.0
201707;144.0;1846.0;610.0;0.0;2700.0;2427.0;12.0;209.0;1842.0;2650.0;5593.0;1682.0;2121.0;4477.0;2254.0;2226.0;1283.0;4930;1170.0;262.0;368.0;66.0;5230.0;5243.0;606.0;15858.0;394.0;66203.0;4255.0;21760.0;17374.0;12522.0;10292.0
201708;116.0;1991.0;691.0;0.0;2970.0;2956.0;30.0;252.0;1961.0;3744.0;6182.0;1936.0;2855.0;5251.0;2219.0;2423.0;1389.0;5328;991.0;326.0;383.0;116.0;6827.0;5110.0;639.0;17703.0;619.0;75008.0;4776.0;27163.0;14209.0;14203.0;14657.0
201709;144.0;1668.0;582.0;0.0;2876.0;2660.0;9.0;381.0;2064.0;4168.0;6082.0;1824.0;2605.0;4607.0;1655.0;2035.0;1521.0;4847;994.0;339.0;376.0;90.0;5081.0;4134.0;548.0;15846.0;550.0;67686.0;4645.0;33138.0;3014.0;13989.0;12900.0
201710;172.0;1973.0;744.0;0.0;3268.0;2828.0;55.0;400.0;2129.0;4073.0;6213.0;1336.0;3487.0;5046.0;2835.0;2498.0;1363.0;4801;838.0;318.0;400.0;88.0;5787.0;4351.0;572.0;16320.0;744.0;72639.0;4659.0;20775.0;6228.0;15593.0;25384.0
201711;168.0;1895.0;815.0;0.0;3496.0;2757.0;83.0;394.0;2333.0;1552.0;6284.0;1197.0;2979.0;5000.0;2583.0;2622.0;1464.0;4045;759.0;387.0;377.0;47.0;5835.0;4967.0;440.0;15919.0;818.0;69216.0;6010.0;18012.0;5515.0;14415.0;25264.0
201712;172.0;1348.0;563.0;0.0;2676.0;2292.0;54.0;441.0;1450.0;1165.0;5510.0;1240.0;2385.0;3859.0;1769.0;2041.0;914.0;3183;692.0;280.0;215.0;128.0;5057.0;3309.0;409.0;13283.0;530.0;54965.0;5508.0;17944.0;4976.0;10963.0;15574.0
201801;111.0;1470.0;644.0;0.0;2941.0;2916.0;105.0;228.0;2136.0;1314.0;5980.0;1124.0;2160.0;4949.0;1968.0;2313.0;1210.0;3222;749.0;304.0;201.0;200.0;4825.0;3487.0;488.0;14516.0;648.0;60209.0;5980.0;18642.0;2133.0;17240.0;16214.0
201802;82.0;1386.0;530.0;0.0;3085.0;2563.0;113.0;392.0;2550.0;2751.0;6301.0;1340.0;2640.0;4864.0;2297.0;2053.0;1123.0;3715;783.0;306.0;366.0;148.0;4188.0;3804.0;381.0;14664.0;545.0;62970.0;2697.0;21707.0;6555.0;16374.0;15637.0
201803;160.0;2141.0;805.0;0.0;3460.0;2894.0;182.0;492.0;3853.0;2173.0;7173.0;1497.0;3349.0;6170.0;2613.0;2939.0;1611.0;4776;907.0;303.0;353.0;219.0;6272.0;4421.0;539.0;18155.0;679.0;78136.0;829.0;30541.0;6594.0;21191.0;18981.0
201804;203.0;2187.0;809.0;0.0;3712.0;3093.0;205.0;397.0;3640.0;2213.0;7465.0;2148.0;3870.0;5022.0;2713.0;2571.0;1310.0;4773;824.0;302.0;568.0;208.0;6351.0;4364.0;523.0;17300.0;825.0;77596.0;1741.0;37070.0;6578.0;23662.0;8545.0
201805;139.0;2191.0;793.0;0.0;3897.0;3142.0;133.0;341.0;2404.0;2488.0;7212.0;1992.0;4164.0;4916.0;2661.0;2683.0;1579.0;5294;995.0;369.0;582.0;219.0;6577.0;5140.0;521.0;17529.0;860.0;78821.0;10943.0;21444.0;7793.0;31155.0;7486.0
201806;95.0;2316.0;696.0;0.0;3177.0;2973.0;235.0;437.0;2546.0;2090.0;7577.0;1725.0;3463.0;4466.0;2340.0;3255.0;1601.0;4680;1040.0;283.0;697.0;198.0;5665.0;4330.0;538.0;16663.0;883.0;73969.0;9928.0;16915.0;6560.0;18845.0;21721.0
201807;178.0;2526.0;832.0;0.0;3857.0;3209.0;256.0;346.0;2420.0;2441.0;8276.0;1922.0;3521.0;4179.0;2894.0;3597.0;1680.0;5095;1051.0;430.0;695.0;234.0;5711.0;5195.0;642.0;17221.0;435.0;78843.0;10337.0;13475.0;7923.0;16491.0;30617.0
201808;165.0;3012.0;850.0;0.0;4298.0;3701.0;262.0;485.0;3107.0;2337.0;8971.0;2247.0;4107.0;4868.0;3187.0;4164.0;1700.0;6026;1570.0;567.0;942.0;115.0;6639.0;5230.0;823.0;18782.0;788.0;88943.0;10578.0;18847.0;13025.0;18199.0;28294.0
201809;163.0;2396.0;621.0;0.0;4377.0;3128.0;268.0;401.0;3577.0;2435.0;8288.0;2189.0;3445.0;5035.0;2952.0;3817.0;1467.0;5639;1188.0;390.0;858.0;143.0;5839.0;4360.0;710.0;17292.0;806.0;81784.0;7974.0;16747.0;5467.0;22922.0;28674.0
201810;188.0;2697.0;815.0;1.0;4771.0;3847.0;414.0;379.0;3844.0;2632.0;8727.0;1613.0;3610.0;5616.0;3410.0;4868.0;1608.0;6067;1133.0;551.0;962.0;197.0;7137.0;5411.0;743.0;19082.0;956.0;91279.0;9742.0;24112.0;1376.0;37349.0;18700.0
201811;196.0;2403.0;883.0;0.0;4631.0;3502.0;416.0;405.0;3294.0;2689.0;8935.0;2198.0;2330.0;6177.0;2950.0;4426.0;1602.0;5818;827.0;520.0;605.0;191.0;6653.0;4956.0;789.0;17039.0;805.0;85240.0;8807.0;23137.0;3316.0;37368.0;12612.0
201812;146.0;1670.0;694.0;0.0;3807.0;2476.0;247.0;392.0;2211.0;2430.0;7524.0;1911.0;2208.0;3912.0;2379.0;3092.0;1126.0;4646;813.0;363.0;479.0;80.0;5292.0;3743.0;560.0;15568.0;572.0;68341.0;5637.0;15196.0;4462.0;38185.0;4861.0
201901;65.0;2378.0;784.0;2.0;4406.0;2949.0;319.0;285.0;2950.0;2429.0;8608.0;1731.0;2456.0;5936.0;2812.0;3097.0;1592.0;6106;834.0;329.0;633.0;166.0;5234.0;3586.0;669.0;18150.0;523.0;79029.0;4703.0;17403.0;4495.0;32308.0;20120.0
201902;53.0;2206.0;844.0;1.0;4733.0;3000.0;243.0;443.0;2324.0;1699.0;8978.0;2322.0;3242.0;6199.0;3007.0;4179.0;1615.0;6939;1020.0;490.0;586.0;199.0;5751.0;4173.0;952.0;19219.0;667.0;85084.0;11478.0;14417.0;3020.0;33019.0;23150.0
201903;58.0;2366.0;942.0;1.0;4557.0;2727.0;225.0;367.0;2312.0;2944.0;9718.0;2783.0;3726.0;5775.0;2868.0;4384.0;1633.0;5857;1043.0;459.0;894.0;135.0;5668.0;4184.0;680.0;18003.0;605.0;84914.0;9636.0;17138.0;3669.0;32466.0;22005.0
201904;67.0;2718.0;902.0;1.0;4985.0;3874.0;419.0;457.0;2701.0;2636.0;10378.0;2591.0;4311.0;6202.0;3229.0;5054.0;1755.0;7148;953.0;579.0;1191.0;183.0;7195.0;4951.0;780.0;21513.0;740.0;97513.0;11373.0;23208.0;6584.0;41891.0;14457.0
201905;78.0;2620.0;1069.0;0.0;5289.0;4011.0;500.0;514.0;3019.0;3033.0;10550.0;2778.0;4450.0;6699.0;4020.0;5086.0;2178.0;7375;1319.0;459.0;1133.0;204.0;7788.0;5062.0;725.0;23697.0;751.0;104407.0;6048.0;31962.0;8129.0;44518.0;13750.0
201906;158.0;2423.0;1097.0;0.0;5212.0;3292.0;394.0;461.0;2439.0;3041.0;9034.0;2527.0;4204.0;5852.0;2864.0;4032.0;1819.0;6640;1182.0;678.0;877.0;121.0;7024.0;4792.0;599.0;19449.0;907.0;91118.0;5843.0;26930.0;6781.0;37753.0;13811.0
201907;130.0;2819.0;860.0;0.0;5046.0;3945.0;394.0;402.0;2494.0;3468.0;10484.0;3089.0;4685.0;5523.0;3977.0;4889.0;2053.0;7255;1398.0;488.0;1135.0;234.0;7850.0;5016.0;878.0;21332.0;577.0;100421.0;11769.0;17421.0;10344.0;45747.0;15140.0
201908;72.0;2721.0;881.0;4.0;5406.0;3898.0;494.0;429.0;2815.0;3639.0;11289.0;2850.0;5122.0;6020.0;3881.0;5989.0;1947.0;8722;1445.0;658.0;843.0;212.0;8127.0;5006.0;994.0;24093.0;1117.0;108674.0;14381.0;36667.0;14085.0;29067.0;14474.0
201909;130.0;2859.0;1003.0;3.0;5434.0;4213.0;348.0;615.0;2368.0;3586.0;11456.0;3061.0;5079.0;7203.0;4404.0;4899.0;2015.0;8258;1290.0;591.0;1277.0;163.0;8026.0;5071.0;910.0;24542.0;1153.0;109957.0;10019.0;48174.0;9949.0;22019.0;19796.0
201910;55.0;3279.0;1149.0;0.0;5653.0;4441.0;274.0;683.0;2515.0;4055.0;11886.0;3675.0;5739.0;7861.0;4237.0;5987.0;1825.0;9751;1842.0;712.0;1781.0;272.0;8598.0;6015.0;869.0;23714.0;1122.0;117990.0;2264.0;53013.0;7422.0;32511.0;22780.0
201911;51.0;2453.0;881.0;0.0;5594.0;4478.0;271.0;592.0;2171.0;4125.0;11006.0;2994.0;4159.0;6861.0;3852.0;4345.0;1784.0;9409;1457.0;514.0;1499.0;178.0;7850.0;5297.0;747.0;23161.0;448.0;106177.0;7531.0;46726.0;1853.0;30805.0;19262.0
201912;51.0;1656.0;868.0;0.0;4332.0;3520.0;235.0;400.0;1266.0;2907.0;8348.0;1957.0;2828.0;5313.0;2526.0;3737.0;1324.0;5994;1172.0;361.0;675.0;108.0;5672.0;3473.0;609.0;16501.0;447.0;76280.0;11262.0;22879.0;3228.0;26956.0;11955.0
202001;29.0;2152.0;1003.0;0.0;4698.0;3741.0;344.0;300.0;2510.0;3878.0;10196.0;2111.0;2781.0;5471.0;3075.0;4155.0;1549.0;6460;1445.0;403.0;1028.0;143.0;5490.0;3201.0;603.0;18986.0;467.0;86219.0;5216.0;21971.0;18017.0;27801.0;13214.0
202002;78.0;2123.0;839.0;0.0;5072.0;3399.0;289.0;481.0;2045.0;3395.0;9580.0;2564.0;2920.0;5011.0;3313.0;4022.0;1352.0;7363;1352.0;442.0;1064.0;167.0;5693.0;3718.0;657.0;19105.0;640.0;86684.0;9298.0;34065.0;2905.0;26645.0;13771.0
202003;72.0;1924.0;1109.0;0.0;4728.0;2921.0;280.0;299.0;2430.0;2542.0;9784.0;2427.0;3029.0;4635.0;2893.0;3984.0;924.0;6047;1195.0;380.0;998.0;193.0;5384.0;3735.0;488.0;17865.0;613.0;80879.0;8187.0;31484.0;2409.0;24017.0;14782.0
202004;8.0;570.0;480.0;0.0;3655.0;2036.0;317.0;217.0;1325.0;2211.0;6650.0;1235.0;1258.0;2729.0;1802.0;1973.0;506.0;3502;815.0;174.0;933.0;149.0;3398.0;2327.0;254.0;11061.0;235.0;49820.0;3805.0;17597.0;373.0;15278.0;12767.0
202005;41.0;617.0;576.0;0.0;3367.0;2055.0;392.0;180.0;1568.0;2220.0;7509.0;1638.0;2095.0;2569.0;2109.0;2092.0;668.0;4305;794.0;255.0;807.0;149.0;4057.0;2572.0;238.0;11964.0;331.0;55168.0;4364.0;16185.0;1738.0;18582.0;14299.0
202006;51.0;690.0;759.0;0.0;3713.0;2732.0;350.0;269.0;1924.0;2580.0;8449.0;1101.0;2533.0;3134.0;2230.0;2459.0;797.0;5124;1019.0;233.0;788.0;197.0;4812.0;2464.0;346.0;13603.0;495.0;62852.0;3378.0;19240.0;3302.0;21698.0;15234.0
202007;84.0;1081.0;979.0;0.0;3694.0;3440.0;396.0;397.0;1995.0;3253.0;9572.0;1490.0;2467.0;3219.0;2734.0;3421.0;867.0;6052;1449.0;256.0;1058.0;131.0;5421.0;3121.0;329.0;14919.0;634.0;72459.0;1680.0;36100.0;3417.0;19772.0;11490.0
202008;62.0;1116.0;812.0;0.0;3789.0;3233.0;463.0;315.0;2083.0;3114.0;9060.0;1415.0;2791.0;3367.0;2893.0;3477.0;788.0;4938;1464.0;324.0;862.0;138.0;5632.0;2871.0;325.0;15705.0;668.0;71705.0;4524.0;26655.0;3192.0;24850.0;12484.0
202009;109.0;1318.0;656.0;6.0;4196.0;3639.0;551.0;361.0;2020.0;4215.0;9704.0;1525.0;3084.0;3253.0;2974.0;3599.0;717.0;5308;1223.0;271.0;924.0;106.0;6072.0;3145.0;436.0;16472.0;650.0;76534.0;10368.0;16739.0;8916.0;19182.0;21329.0
202010;70.0;1213.0;819.0;11.0;4426.0;3291.0;499.0;291.0;2651.0;4887.0;10147.0;1612.0;3147.0;3609.0;3245.0;3770.0;740.0;5537;1200.0;489.0;732.0;139.0;6258.0;3015.0;380.0;19038.0;722.0;81938.0;11009.0;13118.0;10830.0;12923.0;34058.0
202011;24.0;1162.0;900.0;0.0;3945.0;3093.0;506.0;273.0;2066.0;4192.0;9099.0;1472.0;3105.0;3312.0;2683.0;3738.0;778.0;5044;1015.0;331.0;993.0;185.0;6074.0;3019.0;475.0;16941.0;823.0;75248.0;13514.0;12707.0;10661.0;10824.0;27542.0
202012;37.0;934.0;603.0;5.0;3198.0;2418.0;520.0;316.0;1549.0;2843.0;7873.0;1049.0;2014.0;2713.0;2439.0;2794.0;647.0;4069;827.0;264.0;609.0;80.0;5709.0;2664.0;361.0;14942.0;689.0;62166.0;10851.0;10562.0;6253.0;15289.0;19211.0
202101;34.0;1040.0;634.0;6.0;2534.0;2936.0;512.0;241.0;1607.0;3300.0;7955.0;1299.0;2028.0;3229.0;2734.0;3152.0;842.0;4335;958.0;115.0;489.0;127.0;5029.0;2894.0;482.0;15141.0;821.0;64474.0;11479.0;18344.0;7226.0;12291.0;15134.0
202102;43.0;847.0;753.0;6.0;3035.0;3203.0;539.0;243.0;1722.0;3329.0;8391.0;1697.0;2892.0;3309.0;2783.0;4067.0;944.0;4786;1124.0;161.0;527.0;168.0;4477.0;2900.0;531.0;16316.0;1060.0;69853.0;8811.0;22872.0;6646.0;13929.0;17595.0
202103;62.0;1083.0;761.0;6.0;3814.0;3027.0;402.0;222.0;1712.0;3658.0;9449.0;1772.0;2708.0;3604.0;2134.0;4370.0;814.0;5245;1255.0;257.0;535.0;120.0;5485.0;4017.0;888.0;16030.0;1222.0;74652.0;8873.0;32721.0;6544.0;9717.0;16797.0
202104;26.0;958.0;801.0;0.0;3047.0;2222.0;508.0;272.0;1633.0;2860.0;8246.0;1524.0;2198.0;2532.0;1628.0;3776.0;1096.0;4248;996.0;167.0;186.0;186.0;5003.0;3435.0;686.0;16052.0;821.0;65107.0;11346.0;32966.0;7355.0;10005.0;3435.0
