DATA;Brasil;Norte;Nordeste;Sudeste;Sul;Centro-Oeste;Rondônia;Acre;Amazonas;Roraima;Pará;Amapá;Tocantins;Maranhão;Piauí;Ceará;Rio Grande do Norte;Paraíba;Pernambuco;Alagoas;Sergipe;Bahia;Minas Gerais;Espírito Santo;Rio de Janeiro;São Paulo;Paraná;Santa Catarina;Rio Grande do Sul;Mato Grosso do Sul;Mato Grosso;Goiás;Distrito Federal
01/07/2010;194875052;16247841;54229734;82138970;27911930;14346577;1598381;765430;3551217;459844;7765472;693857;1413640;6715260;3193930;8625391;3240375;3840945;9001011;3196933;2108757;14307132;19957386;3595291;16298103;42288190;10650244;6351544;10910142;2493878;3104317;6109715;2638667
01/08/2010;195017573;16267657;54255905;82198254;27930974;14364783;1600017;766537;3556859;460248;7773575;695303;1415119;6718546;3194627;8629903;3242977;3842254;9006205;3198340;2110555;14312498;19968902;3599212;16306954;42323187;10657439;6358951;10914584;2496536;3107705;6118387;2642154
01/09/2010;195160170;16287491;54282102;82257547;27950035;14382995;1601654;767643;3562499;460676;7781672;696749;1416598;6721836;3195325;8634424;3245578;3843572;9011400;3199746;2112353;14317867;19980421;3603135;16315815;42358175;10664640;6366366;10919029;2499195;3111098;6127059;2645643
01/10/2010;195302839;16307345;54308325;82316846;27969111;14401212;1603293;768749;3568137;461128;7789765;698194;1418079;6725128;3196025;8638953;3248178;3844900;9016599;3201150;2114152;14323240;19991945;3607060;16324688;42393154;10671848;6373788;10923476;2501855;3114496;6135729;2649132
01/11/2010;195445578;16327217;54334573;82376151;27988203;14419434;1604933;769854;3573774;461604;7797852;699639;1419560;6728424;3196727;8643490;3250775;3846237;9021800;3202552;2115951;14328616;20003471;3610987;16333571;42428122;10679062;6381216;10927925;2504515;3117899;6144397;2652623
01/12/2010;195588384;16347107;54360845;82435461;28007310;14437661;1606575;770960;3579409;462104;7805935;701083;1421041;6731723;3197431;8648035;3253371;3847583;9027004;3203953;2117749;14333995;20015001;3614916;16342464;42463080;10686283;6388651;10932375;2507177;3121306;6153065;2656114
01/01/2011;195731254;16367016;54387140;82494774;28026430;14455893;1608218;772065;3585042;462628;7814013;702527;1422523;6735024;3198137;8652588;3255966;3848938;9032210;3205353;2119548;14339377;20026534;3618847;16351367;42498026;10693510;6396092;10936828;2509839;3124717;6161731;2659607
01/02/2011;195874186;16386941;54413459;82554090;28045565;14474130;1609862;773169;3590674;463175;7822086;703970;1424005;6738329;3198844;8657149;3258558;3850302;9037418;3206750;2121347;14344761;20038069;3622780;16360280;42532961;10700743;6403540;10941282;2512502;3128133;6170395;2663100
01/03/2011;196017176;16406884;54439800;82613407;28064714;14492371;1611507;774273;3596303;463746;7830154;705412;1425488;6741636;3199554;8661717;3261149;3851675;9042628;3208146;2123146;14350149;20049606;3626715;16369202;42567884;10707981;6410994;10945738;2515165;3131554;6179057;2666594
01/04/2011;196160222;16426844;54466163;82672725;28083875;14510615;1613154;775377;3601931;464339;7838217;706854;1426972;6744946;3200264;8666293;3263738;3853056;9047841;3209540;2124945;14355538;20061146;3630651;16378133;42602794;10715225;6418454;10950196;2517829;3134978;6187718;2670090
01/05/2011;196303321;16446820;54492547;82732041;28103049;14528864;1614802;776481;3607556;464955;7846275;708295;1428455;6748259;3200977;8670876;3266326;3854446;9053056;3210933;2126744;14360930;20072687;3634589;16387074;42637692;10722475;6425921;10954654;2520494;3138407;6196376;2673586
01/06/2011;196446470;16466812;54518952;82791356;28122236;14547115;1616451;777584;3613180;465594;7854327;709735;1429940;6751574;3201691;8675467;3268911;3855845;9058272;3212324;2128543;14366324;20084230;3638528;16396023;42672575;10729729;6433392;10959114;2523160;3141841;6205033;2677082
01/07/2011;196589667;16486819;54545376;82850667;28141434;14565370;1618102;778687;3618801;466255;7862375;711175;1431424;6754892;3202407;8680064;3271495;3857252;9063491;3213713;2130342;14371719;20095774;3642469;16404980;42707445;10736989;6440870;10963575;2525826;3145278;6213687;2680580
01/08/2011;196732907;16506842;54571819;82909975;28160643;14583628;1619753;779789;3624421;466938;7870417;712614;1432909;6758212;3203124;8684669;3274077;3858667;9068711;3215101;2132141;14377117;20107319;3646411;16413945;42742300;10744254;6448353;10968036;2528492;3148719;6222340;2684078
01/09/2011;196876190;16526880;54598280;82969277;28179863;14601889;1621406;780891;3630038;467643;7878454;714053;1434395;6761535;3203842;8689280;3276657;3860091;9073933;3216487;2133940;14382516;20118865;3650355;16422918;42777140;10751524;6455841;10972498;2531159;3152164;6230990;2687576
01/10/2011;197019511;16546933;54624760;83028573;28199094;14620152;1623060;781993;3635654;468370;7886485;715491;1435880;6764860;3204563;8693898;3279235;3861522;9079156;3217871;2135739;14387916;20130411;3654300;16431898;42811964;10758798;6463335;10976961;2533826;3155613;6239637;2691075
01/11/2011;197162868;16566999;54651256;83087862;28218334;14638417;1624715;783094;3641267;469118;7894512;716928;1437366;6768188;3205284;8698522;3281811;3862962;9084381;3219253;2137537;14393317;20141958;3658246;16440886;42846772;10766077;6470833;10981425;2536494;3159066;6248282;2694575
01/12/2011;197306259;16587080;54677769;83147142;28237584;14656684;1626370;784195;3646878;469887;7902532;718365;1438853;6771517;3206007;8703152;3284386;3864410;9089607;3220634;2139335;14398720;20153504;3662193;16449880;42881564;10773360;6478337;10985888;2539162;3162523;6256925;2698075
01/01/2012;197449680;16607174;54704297;83206412;28256843;14674953;1628027;785296;3652487;470677;7910548;719800;1440339;6774849;3206731;8707789;3286958;3865865;9094834;3222013;2141134;14404123;20165049;3666142;16458882;42916339;10780647;6485845;10990352;2541830;3165983;6265564;2701575
01/02/2012;197593128;16627281;54730841;83265672;28276111;14693223;1629685;786396;3658093;471487;7918557;721236;1441826;6778183;3207456;8712432;3289528;3867329;9100063;3223390;2142931;14409528;20176595;3670091;16467889;42951096;10787937;6493358;10994816;2544499;3169447;6274201;2705076
01/03/2012;197736601;16647401;54757399;83324920;28295387;14711495;1631343;787496;3663698;472319;7926562;722670;1443314;6781519;3208183;8717081;3292096;3868799;9105292;3224766;2144729;14414932;20188139;3674042;16476903;42985836;10795232;6500875;10999279;2547168;3172915;6282835;2708577
01/04/2012;197880096;16667534;54783970;83384155;28314670;14729767;1633003;788595;3669300;473170;7934560;724104;1444801;6784857;3208911;8721735;3294663;3870278;9110523;3226139;2146526;14420337;20199682;3677993;16485923;43020557;10802530;6508397;11003743;2549837;3176386;6291466;2712079
01/05/2012;198023610;16687678;54810555;83443376;28333961;14748040;1634663;789694;3674900;474042;7942553;725537;1446289;6788197;3209640;8726395;3297227;3871764;9115754;3227511;2148324;14425742;20211223;3681946;16494948;43055259;10809832;6515923;11008206;2552506;3179860;6300094;2715580
01/06/2012;198167140;16707834;54837152;83502582;28353259;14766313;1636324;790793;3680497;474933;7950540;726970;1447777;6791539;3210370;8731061;3299789;3873257;9120987;3228881;2150120;14431148;20222763;3685899;16503979;43089941;10817137;6523453;11012668;2555175;3183338;6308718;2719082
01/07/2012;198310684;16728002;54863761;83561772;28372563;14784587;1637986;791891;3686093;475844;7958522;728401;1449265;6794883;3211102;8735731;3302349;3874758;9126220;3230250;2151917;14436553;20234301;3689853;16513014;43124603;10824445;6530987;11017130;2557844;3186818;6317340;2722584
01/08/2012;198454239;16748180;54890381;83620944;28391873;14802860;1639649;792988;3691685;476775;7966498;729832;1450753;6798228;3211834;8740407;3304907;3876265;9131453;3231616;2153713;14441958;20245836;3693808;16522055;43159245;10831756;6538525;11021591;2560514;3190302;6325958;2726086
01/09/2012;198597801;16768370;54917012;83680098;28411188;14821133;1641312;794085;3697276;477724;7974468;731263;1452241;6801575;3212568;8745088;3307462;3877780;9136687;3232981;2155508;14447362;20257369;3697763;16531100;43193866;10839070;6546066;11026052;2563183;3193790;6334572;2729588
01/10/2012;198741368;16788569;54943652;83739233;28430508;14839406;1642976;795182;3702863;478692;7982432;732692;1453730;6804924;3213302;8749774;3310016;3879302;9141922;3234344;2157304;14452766;20268899;3701719;16540149;43228466;10846386;6553611;11030511;2565853;3197280;6343183;2733090
01/11/2012;198884937;16808778;54970302;83798346;28449833;14857677;1644641;796279;3708449;479680;7990390;734121;1455219;6808274;3214037;8754465;3312567;3880830;9147156;3235705;2159098;14458169;20280426;3705675;16549202;43263044;10853705;6561159;11034969;2568522;3200773;6351790;2736592
01/12/2012;199028505;16828997;54996959;83857439;28469162;14875948;1646306;797374;3714032;480685;7998343;735549;1456708;6811625;3214774;8759160;3315116;3882366;9152391;3237064;2160893;14463571;20291950;3709632;16558259;43297599;10861026;6568711;11039425;2571192;3204269;6360394;2740094
01/01/2013;199172070;16849225;55023625;83916508;28488495;14894217;1647972;798470;3719612;481709;8006289;736977;1458196;6814979;3215511;8763860;3317663;3883908;9157627;3238421;2162687;14468972;20303470;3713589;16567319;43332131;10868349;6576265;11043880;2573861;3207768;6368993;2743595
01/02/2013;199315629;16869462;55050298;83975554;28507831;14912484;1649639;799565;3725190;482751;8014229;738403;1459685;6818333;3216249;8768564;3320207;3885457;9162862;3239776;2164480;14474371;20314986;3717546;16576382;43366640;10875674;6583823;11048334;2576530;3211269;6377589;2747097
01/03/2013;199459179;16889707;55076977;84034574;28527170;14930750;1651306;800659;3730765;483810;8022164;739829;1461174;6821689;3216987;8773272;3322749;3887012;9168097;3241130;2166273;14479769;20326498;3721504;16585448;43401125;10883001;6591383;11052785;2579198;3214773;6386180;2750598
01/04/2013;199602716;16909961;55103662;84093569;28546511;14949013;1652973;801753;3736337;484888;8030092;741254;1462663;6825046;3217727;8777984;3325289;3888574;9173332;3242481;2168065;14485165;20338005;3725462;16594517;43435586;10890330;6598946;11057235;2581867;3218280;6394768;2754099
01/05/2013;199746239;16930222;55130352;84152536;28565854;14967275;1654641;802847;3741907;485982;8038014;742679;1464153;6828404;3218467;8782700;3327827;3890142;9178566;3243831;2169856;14490560;20349508;3729419;16603588;43470021;10897660;6606511;11061683;2584535;3221789;6403351;2757600
01/06/2013;199889744;16950490;55157047;84211475;28585198;14985533;1656309;803940;3747474;487094;8045929;744102;1465642;6831763;3219208;8787420;3330362;3891716;9183801;3245179;2171647;14495953;20361005;3733378;16612661;43504432;10904991;6614079;11066129;2587203;3225301;6411929;2761100
01/07/2013;200033229;16970766;55183745;84270385;28604544;15003789;1657978;805033;3753038;488222;8053839;745525;1467131;6835123;3219949;8792143;3332894;3893296;9189035;3246524;2173438;14501343;20372498;3737336;16621735;43538816;10912323;6621649;11070572;2589871;3228815;6420503;2764599
01/08/2013;200176690;16991048;55210447;84329264;28623890;15022041;1659647;806125;3758600;489367;8061742;746947;1468620;6838484;3220691;8796870;3335425;3894882;9194268;3247868;2175227;14506731;20383985;3741293;16630812;43573174;10919656;6629221;11075013;2592538;3232331;6429073;2768099
01/09/2013;200320126;17011337;55237151;84388112;28643236;15040290;1661316;807217;3764159;490529;8069639;748368;1470109;6841846;3221434;8801600;3337952;3896475;9199501;3249210;2177016;14512117;20395466;3745251;16639889;43607505;10926990;6636795;11079451;2595205;3235850;6437638;2771597
01/10/2013;200463532;17031631;55263857;84446927;28662582;15058535;1662986;808308;3769715;491707;8077530;749789;1471597;6845209;3222177;8806333;3340478;3898073;9204733;3250550;2178804;14517500;20406941;3749209;16648968;43641809;10934324;6644371;11083887;2597871;3239371;6446198;2775095
01/11/2013;200606907;17051931;55290564;84505708;28681927;15076777;1664656;809398;3775268;492901;8085414;751208;1473086;6848573;3222921;8811069;3343001;3899676;9209964;3251888;2180592;14522880;20418409;3753166;16658047;43676086;10941659;6651948;11088320;2600537;3242894;6454754;2778593
01/12/2013;200750247;17072236;55317272;84564454;28701270;15095014;1666326;810489;3780818;494110;8093292;752627;1474575;6851938;3223665;8815808;3345521;3901286;9215194;3253224;2182378;14528258;20429871;3757123;16667126;43710333;10948994;6659527;11092749;2603202;3246419;6463304;2782090
01/01/2014;200893550;17092546;55343979;84623165;28720612;15113247;1667996;811578;3786365;495335;8101163;754045;1476064;6855303;3224409;8820550;3348039;3902901;9220424;3254558;2184164;14533632;20441326;3761080;16676206;43744552;10956329;6667107;11097176;2605867;3249946;6471850;2785586
01/02/2014;201036812;17112861;55370685;84681838;28739952;15131476;1669667;812667;3791910;496576;8109027;755462;1477552;6858669;3225154;8825294;3350554;3904521;9225652;3255890;2185949;14539003;20452774;3765036;16685285;43778742;10963665;6674688;11101599;2608531;3253474;6480390;2789081
01/03/2014;201180032;17133180;55397390;84740473;28759290;15149699;1671337;813756;3797451;497831;8116885;756878;1479040;6862035;3225899;8830041;3353066;3906147;9230879;3257220;2187734;14544370;20464215;3768992;16694364;43812902;10970999;6682271;11106019;2611194;3257005;6488925;2792575
01/04/2014;201323206;17153502;55424093;84799069;28778624;15167917;1673008;814844;3802989;499102;8124737;758294;1480528;6865402;3226645;8834790;3355576;3907778;9236104;3258548;2189517;14549734;20475648;3772947;16703443;43847031;10978334;6689854;11110436;2613857;3260537;6497454;2796069
01/05/2014;201466331;17173828;55450793;84857625;28797955;15186130;1674679;815932;3808525;500387;8132582;759708;1482016;6868769;3227391;8839541;3358083;3909414;9241329;3259874;2191300;14555093;20487072;3776902;16712520;43881130;10985668;6697439;11114849;2616519;3264071;6505979;2799562
01/06/2014;201609404;17194157;55477490;84916139;28817282;15204337;1676349;817019;3814057;501686;8140420;761122;1483504;6872136;3228136;8844294;3360588;3911056;9246552;3261198;2193081;14560449;20498489;3780856;16721596;43915198;10993001;6705023;11119257;2619180;3267606;6514497;2803053
01/07/2014;201752424;17214488;55504182;84974610;28836604;15222538;1678020;818105;3819586;503000;8148251;762535;1484991;6875504;3228883;8849049;3363090;3912702;9251773;3262520;2194862;14565801;20509897;3784809;16730671;43949233;11000333;6712609;11123662;2621840;3271143;6523010;2806544
01/08/2014;201895386;17234822;55530870;85033038;28855922;15240733;1679691;819191;3825112;504327;8156075;763947;1486479;6878872;3229629;8853806;3365589;3914353;9256992;3263840;2196641;14571148;20521296;3788762;16739744;43983237;11007664;6720194;11128063;2624500;3274682;6531518;2810034
01/09/2014;202038288;17255158;55557552;85091421;28875235;15258922;1681362;820277;3830635;505669;8163893;765358;1487965;6882240;3230375;8858564;3368085;3916009;9262210;3265157;2198420;14576491;20532686;3792713;16748815;44017207;11014994;6727780;11132460;2627158;3278222;6540019;2813522
01/10/2014;202181128;17275496;55584228;85149759;28894541;15277103;1683032;821361;3836155;507023;8171703;766769;1489452;6885608;3231121;8863324;3370579;3917669;9267426;3266473;2200198;14581830;20544067;3796664;16757883;44051145;11022323;6735366;11136852;2629816;3281763;6548515;2817010
01/11/2014;202323901;17295835;55610897;85208049;28913842;15295278;1684702;822446;3841671;508392;8179507;768178;1490938;6888977;3231868;8868085;3373070;3919334;9272640;3267786;2201974;14587163;20555439;3800613;16766949;44085049;11029650;6742952;11141240;2632473;3285305;6557004;2820496
01/12/2014;202466607;17316174;55637559;85266292;28933136;15313446;1686373;823529;3847184;509773;8187304;769587;1492424;6892345;3232614;8872847;3375558;3921004;9277852;3269098;2203750;14592492;20566800;3804562;16776012;44118918;11036975;6750538;11145623;2635129;3288849;6565488;2823981
01/01/2015;202609241;17336514;55664213;85324485;28952423;15331606;1688043;824613;3852694;511167;8195094;770994;1493910;6895713;3233361;8877610;3378043;3922678;9283062;3270407;2205524;14597815;20578151;3808509;16785072;44152753;11044298;6758123;11150002;2637784;3292393;6573965;2827464
01/02/2015;202751801;17356855;55690858;85382628;28971702;15349759;1689712;825695;3858201;512573;8202876;772401;1495396;6899081;3234107;8882374;3380525;3924357;9288269;3271714;2207297;14603133;20589492;3812455;16794128;44186553;11051619;6765708;11154375;2640437;3295939;6582436;2830947
01/03/2015;202894285;17377195;55717493;85440719;28990974;15367903;1691382;826777;3863704;513992;8210652;773807;1496880;6902449;3234853;8887138;3383005;3926039;9293475;3273019;2209069;14608445;20600822;3816400;16803181;44220316;11058938;6773292;11158744;2643090;3299485;6590900;2834428
01/04/2015;203036688;17397534;55744118;85498759;29010237;15386040;1693051;827859;3869204;515423;8218421;775212;1498365;6905816;3235599;8891903;3385481;3927726;9298678;3274322;2210840;14613752;20612141;3820344;16812229;44254044;11066254;6780876;11163107;2645742;3303033;6599358;2837907
01/05/2015;203179009;17417873;55770733;85556744;29029491;15404168;1694720;828939;3874700;516866;8226182;776616;1499849;6909184;3236345;8896669;3387955;3929416;9303878;3275623;2212610;14619053;20623449;3824286;16821274;44287735;11073568;6788458;11167465;2648392;3306581;6607810;2841385
01/06/2015;203321245;17438211;55797336;85614675;29048736;15422287;1696389;830020;3880193;518321;8233936;778019;1501333;6912550;3237090;8901435;3390426;3931111;9309075;3276922;2214379;14624348;20634745;3828227;16830314;44321389;11080879;6796039;11171817;2651041;3310130;6616254;2844862
01/07/2015;203463392;17458546;55823927;85672551;29067971;15440397;1698057;831099;3885683;519787;8241682;779421;1502816;6915917;3237835;8906200;3392893;3932809;9314270;3278218;2216146;14629637;20646030;3832167;16839349;44355005;11088188;6803620;11176164;2653689;3313679;6624692;2848336
01/08/2015;203605449;17478880;55850505;85730369;29087196;15458498;1699724;832178;3891169;521265;8249422;780823;1504299;6919282;3238580;8910966;3395358;3934511;9319463;3279512;2217912;14634920;20657303;3836104;16848379;44388583;11095493;6811198;11180505;2656336;3317230;6633123;2851810
01/09/2015;203747412;17499211;55877070;85788130;29106411;15476590;1701392;833257;3896652;522753;8257154;782223;1505781;6922647;3239325;8915732;3397819;3936217;9324652;3280805;2219677;14640196;20668563;3840041;16857404;44422123;11102795;6818776;11184841;2658981;3320780;6641547;2855281
01/10/2015;203889278;17519540;55903620;85845831;29125614;15494672;1703058;834335;3902131;524253;8264878;783622;1507263;6926012;3240069;8920497;3400278;3937927;9329838;3282094;2221440;14645465;20679811;3843975;16866423;44455623;11110093;6826351;11189170;2661625;3324331;6649964;2858751
01/11/2015;204031044;17539866;55930156;85903473;29144806;15512744;1704724;835412;3907606;525762;8272596;785021;1508745;6929376;3240812;8925262;3402733;3939639;9335021;3283382;2223203;14650728;20691045;3847908;16875436;44489083;11117388;6833925;11193493;2664268;3327883;6658374;2862219
01/12/2015;204172708;17560188;55956677;85961053;29163986;15530805;1706390;836488;3913078;527283;8280305;786418;1510226;6932739;3241555;8930027;3405186;3941355;9340201;3284667;2224963;14655983;20702267;3851839;16884443;44522504;11124679;6841497;11197810;2666909;3331434;6666776;2865686
01/01/2016;204314268;17580506;55983181;86018571;29183153;15548856;1708055;837564;3918546;528813;8288007;787815;1511706;6936101;3242298;8934790;3407635;3943075;9345378;3285951;2226723;14661232;20713476;3855768;16893444;44555884;11131966;6849067;11202120;2669548;3334986;6675171;2869150
01/02/2016;204455719;17600820;56009669;86076025;29202308;15566897;1709719;838640;3924010;530353;8295702;789210;1513186;6939462;3243040;8939553;3410081;3944797;9350551;3287232;2228481;14666473;20724670;3859695;16902438;44589222;11139249;6856635;11206424;2672187;3338538;6683559;2872613
01/03/2016;204597060;17621130;56036139;86133415;29221449;15584926;1711383;839714;3929471;531903;8303389;790605;1514665;6942822;3243782;8944314;3412524;3946523;9355721;3288510;2230237;14671706;20735851;3863620;16911425;44622519;11146528;6864200;11210721;2674823;3342091;6691939;2876073
01/04/2016;204738287;17641435;56062591;86190740;29240577;15602944;1713046;840788;3934928;533463;8311068;791998;1516143;6946181;3244522;8949075;3414963;3948251;9360888;3289787;2231992;14676932;20747017;3867543;16920404;44655775;11153802;6871763;11215011;2677458;3345643;6700311;2879532
01/05/2016;204879397;17661734;56089025;86247997;29259690;15620951;1714708;841862;3940381;535031;8318739;793391;1517621;6949539;3245263;8953834;3417400;3949982;9366050;3291061;2233746;14682150;20758169;3871465;16929376;44688987;11161072;6879323;11219295;2680092;3349195;6708676;2882988
01/06/2016;205020388;17682028;56115439;86305187;29278788;15638946;1716370;842935;3945831;536609;8326403;794782;1519098;6952896;3246002;8958591;3419833;3951716;9371209;3292333;2235498;14687361;20769307;3875383;16938341;44722156;11168337;6886880;11223571;2682723;3352747;6717033;2886443
01/07/2016;205161258;17702316;56141833;86362308;29297872;15656929;1718031;844007;3951276;538195;8334059;796173;1520575;6956252;3246741;8963347;3422263;3953453;9376364;3293602;2237248;14692563;20780429;3879300;16947297;44755282;11175597;6894435;11227840;2685354;3356299;6725381;2889895
01/08/2016;205302002;17722598;56168206;86419359;29316940;15674899;1719691;845078;3956718;539790;8341707;797562;1522051;6959606;3247479;8968102;3424689;3955193;9381515;3294870;2238997;14697756;20791536;3883214;16956245;44788364;11182852;6901986;11232101;2687982;3359850;6733722;2893345
01/09/2016;205442619;17742873;56194558;86476339;29335992;15692857;1721350;846149;3962156;541394;8349347;798951;1523526;6962959;3248216;8972854;3427112;3956934;9386662;3296134;2240744;14702941;20802627;3887126;16965184;44821401;11190102;6909534;11236355;2690609;3363401;6742054;2896793
01/10/2016;205583105;17763141;56220888;86533247;29355027;15710803;1723008;847219;3967590;543005;8356980;800339;1525001;6966311;3248952;8977604;3429532;3958679;9391805;3297397;2242490;14708118;20813703;3891036;16974115;44854393;11197346;6917079;11240602;2693233;3366952;6750379;2900239
01/11/2016;205723458;17783401;56247195;86590081;29374046;15728735;1724665;848288;3973020;544624;8364604;801725;1526474;6969661;3249687;8982352;3431949;3960425;9396944;3298657;2244234;14713285;20824762;3894943;16983036;44887340;11204585;6924621;11244840;2695856;3370502;6758695;2903682
01/12/2016;205863675;17803654;56273479;86646841;29393047;15746654;1726321;849357;3978446;546251;8372220;803110;1527948;6973009;3250422;8987098;3434362;3962174;9402079;3299915;2245976;14718444;20835805;3898847;16991948;44920240;11211818;6932158;11249071;2698477;3374052;6767002;2907123
01/01/2017;206003753;17823899;56299738;86703526;29412031;15764560;1727977;850425;3983868;547885;8379828;804495;1529420;6976356;3251155;8991841;3436772;3963925;9407209;3301171;2247717;14723593;20846832;3902749;17000850;44953094;11219045;6939692;11253294;2701097;3377601;6775301;2910561
01/02/2017;206143689;17844135;56325973;86760133;29430996;15782451;1729631;851493;3989286;549527;8387429;805878;1530891;6979701;3251887;8996582;3439178;3965677;9412334;3302424;2249456;14728733;20857841;3906648;17009742;44985901;11226266;6947222;11257508;2703714;3381149;6783591;2913997
01/03/2017;206283480;17864362;56352183;86816664;29449943;15800329;1731284;852559;3994700;551175;8395021;807261;1532362;6983045;3252619;9001320;3441581;3967432;9417455;3303675;2251193;14733864;20868833;3910545;17018624;45018661;11233481;6954748;11261714;2706329;3384696;6791873;2917431
01/04/2017;206423124;17884580;56378367;86873115;29468870;15818192;1732936;853625;4000110;552830;8402604;808642;1533832;6986387;3253349;9006054;3443980;3969189;9422571;3304923;2252929;14738985;20879808;3914439;17027496;45051373;11240689;6962270;11265912;2708942;3388243;6800145;2920862
01/05/2017;206562618;17904789;56404523;86929487;29487778;15836041;1734587;854691;4005515;554492;8410180;810022;1535301;6989726;3254078;9010786;3446375;3970947;9427683;3306169;2254662;14744096;20890765;3918329;17036356;45084036;11247891;6969787;11270101;2711554;3391789;6808409;2924290
01/06/2017;206701959;17924987;56430653;86985777;29506666;15853875;1736237;855755;4010917;556160;8417747;811401;1536769;6993064;3254806;9015515;3448768;3972707;9432789;3307413;2256394;14749197;20901704;3922217;17045206;45116650;11255085;6977300;11274281;2714163;3395333;6816664;2927716
01/07/2017;206841144;17945175;56456755;87041986;29525533;15871694;1737886;856819;4016314;557834;8425306;812779;1538237;6996400;3255533;9020240;3451156;3974468;9437891;3308654;2258124;14754288;20912625;3926102;17054044;45149214;11262273;6984808;11278452;2716770;3398877;6824909;2931139
01/08/2017;206980170;17965353;56482828;87098111;29544380;15889498;1739533;857882;4021707;559514;8432857;814156;1539703;6999734;3256258;9024962;3453541;3976231;9442987;3309893;2259853;14759368;20923527;3929984;17062871;45181729;11269454;6992311;11282614;2719374;3402419;6833145;2934559
01/09/2017;207119034;17985520;56508871;87154152;29563205;15907286;1741180;858945;4027096;561200;8440399;815532;1541169;7003066;3256982;9029680;3455923;3977995;9448079;3311129;2261579;14764438;20934411;3933863;17071685;45214193;11276628;6999810;11286768;2721977;3405961;6841372;2937976
01/10/2017;207257734;18005675;56534885;87210108;29582008;15925059;1742824;860006;4032480;562891;8447932;816907;1542634;7006395;3257705;9034394;3458300;3979760;9453165;3312363;2263303;14769498;20945275;3937739;17080488;45246606;11283794;7007303;11290911;2724577;3409501;6849590;2941391
01/11/2017;207396267;18025818;56560867;87265977;29600789;15942815;1744468;861067;4037861;564587;8455458;818281;1544097;7009723;3258427;9039105;3460675;3981527;9458246;3313595;2265026;14774546;20956120;3941611;17089278;45278968;11290952;7014791;11295046;2727175;3413039;6857798;2944803
01/12/2017;207534630;18045950;56586819;87321759;29619547;15960555;1746110;862127;4043237;566288;8462974;819653;1545560;7013048;3259147;9043811;3463045;3983294;9463321;3314824;2266746;14779584;20966945;3945480;17098055;45311278;11298103;7022274;11299170;2729771;3416576;6865996;2948211
01/01/2018;207672820;18066069;56612739;87377452;29638283;15978278;1747751;863187;4048608;567994;8470482;821025;1547022;7016370;3259865;9048513;3465412;3985063;9468390;3316050;2268465;14784610;20977751;3949346;17106820;45343536;11305246;7029751;11303285;2732364;3420112;6874185;2951617
01/02/2018;207810834;18086175;56638625;87433055;29656994;15995985;1749391;864246;4053975;569704;8477982;822395;1548483;7019691;3260583;9053211;3467775;3986832;9473455;3317274;2270181;14789625;20988536;3953208;17115571;45375740;11312381;7037223;11307391;2734955;3423646;6882364;2955020
01/03/2018;207948670;18106268;56664479;87488567;29675682;16013675;1751029;865304;4059338;571419;8485472;823764;1549942;7023008;3261298;9057904;3470134;3988602;9478513;3318496;2271895;14794628;20999301;3957067;17124308;45407891;11319507;7044689;11311486;2737544;3427178;6890533;2958419
01/04/2018;208086325;18126347;56690299;87543988;29694345;16031347;1752665;866361;4064696;573137;8492955;825132;1551401;7026324;3262012;9062593;3472489;3990373;9483565;3319715;2273608;14799620;21010045;3960922;17133032;45439989;11326625;7052149;11315571;2740130;3430709;6898692;2961816
01/05/2018;208223796;18146413;56716084;87599315;29712983;16049001;1754300;867417;4070050;574860;8500428;826499;1552859;7029636;3262725;9067277;3474841;3992144;9488612;3320931;2275318;14804600;21020768;3964774;17141742;45472031;11333735;7059602;11319646;2742714;3434238;6906841;2965209
01/06/2018;208361079;18166464;56741833;87654548;29731595;16066638;1755934;868473;4075399;576586;8507892;827865;1554316;7032946;3263436;9071955;3477188;3993916;9493653;3322145;2277026;14809568;21031470;3968622;17150437;45504019;11340835;7067050;11323710;2745295;3437765;6914979;2968599
01/07/2018;208498173;18186501;56767547;87709686;29750182;16084257;1757566;869528;4080743;578315;8515348;829230;1555771;7036253;3264145;9076629;3479532;3995688;9498687;3323357;2278732;14814524;21042150;3972466;17159118;45535952;11347927;7074491;11327764;2747873;3441290;6923108;2971986
01/08/2018;208635074;18206522;56793224;87764728;29768743;16101857;1759196;870582;4086083;580047;8522795;830593;1557226;7039558;3264852;9081298;3481872;3997460;9503715;3324565;2280436;14819467;21052809;3976306;17167784;45567829;11355010;7081926;11331807;2750449;3444813;6931225;2975369
01/09/2018;208771780;18226529;56818864;87819672;29787277;16119439;1760825;871635;4091419;581783;8530233;831956;1558679;7042859;3265558;9085961;3484208;3999233;9508737;3325772;2282138;14824398;21063445;3980143;17176434;45599649;11362083;7089354;11335839;2753022;3448334;6939333;2978749
01/10/2018;208908287;18246519;56844465;87874518;29805783;16137002;1762452;872688;4096749;583521;8537661;833317;1560131;7046158;3266262;9090618;3486540;4001005;9513753;3326976;2283837;14829316;21074060;3983976;17185069;45631413;11369147;7096776;11339861;2755593;3451853;6947430;2982126
01/11/2018;209044594;18266494;56870029;87929264;29824262;16154546;1764077;873740;4102075;585261;8545081;834677;1561583;7049453;3266964;9095270;3488869;4002778;9518762;3328177;2285535;14834222;21084651;3987804;17193689;45663119;11376201;7104190;11343871;2758161;3455370;6955516;2985499
01/12/2018;209180697;18286452;56895553;87983909;29842713;16172070;1765700;874791;4107397;587004;8552492;836036;1563032;7052746;3267664;9099917;3491193;4004551;9523764;3329375;2287229;14839114;21095220;3991629;17202292;45694767;11383246;7111598;11347870;2760726;3458884;6963591;2988869
01/01/2019;209316592;18306393;56921036;88038452;29861136;16189575;1767322;875841;4112713;588749;8559894;837393;1564481;7056035;3268362;9104557;3493513;4006323;9528760;3330571;2288922;14843993;21105765;3995450;17210880;45726358;11390280;7118998;11351858;2763288;3462396;6971656;2992235
01/02/2019;209452279;18326317;56946480;88092893;29879529;16207060;1768942;876890;4118025;590496;8567286;838750;1565929;7059321;3269059;9109191;3495829;4008095;9533749;3331765;2290613;14848859;21116287;3999266;17219450;45757889;11397305;7126391;11355834;2765847;3465906;6979709;2995598
01/03/2019;209587753;18346224;56971882;88147229;29897893;16224525;1770560;877939;4123332;592244;8574670;840105;1567375;7062604;3269753;9113819;3498141;4009867;9538731;3332955;2292301;14853711;21126786;4003078;17228004;45789361;11404319;7133776;11359799;2768404;3469413;6987752;2998957
01/04/2019;209723012;18366113;56997242;88201460;29916227;16241969;1772176;878986;4128634;593993;8582044;841459;1568820;7065883;3270446;9118440;3500449;4011638;9543706;3334143;2293986;14858549;21137260;4006886;17236541;45820773;11411322;7141154;11363751;2770958;3472917;6995783;3002312
01/05/2019;209858053;18385984;57022559;88255585;29934531;16259393;1773791;880033;4133931;595744;8589409;842812;1570264;7069160;3271136;9123055;3502753;4013409;9548675;3335329;2295669;14863374;21147710;4010690;17245061;45852125;11418316;7148523;11367692;2773508;3476419;7003803;3005663
01/06/2019;209992873;18405836;57047834;88309603;29952804;16276796;1775403;881079;4139224;597495;8596764;844163;1571707;7072432;3271824;9127663;3505053;4015178;9553635;3336512;2297350;14868185;21158136;4014489;17253562;45883416;11425298;7155885;11371621;2776056;3479918;7011811;3009011
01/07/2019;210127469;18425669;57073064;88363512;29971046;16294178;1777013;882125;4144511;599247;8604110;845514;1573148;7075702;3272510;9132265;3507349;4016948;9558589;3337692;2299029;14872981;21168537;4018284;17262046;45914646;11432269;7163239;11375538;2778601;3483414;7019809;3012355
01/08/2019;210261839;18445483;57098250;88417312;29989256;16311539;1778622;883169;4149794;601000;8611447;846863;1574588;7078967;3273194;9136859;3509640;4018716;9563536;3338869;2300705;14877763;21178913;4022074;17270512;45945814;11439230;7170585;11379442;2781142;3486907;7027794;3015695
01/09/2019;210395980;18465277;57123390;88471001;30007435;16328877;1780228;884213;4155071;602753;8618774;848211;1576026;7082229;3273876;9141447;3511927;4020483;9568475;3340044;2302378;14882531;21189263;4025859;17278959;45976920;11446179;7177922;11383334;2783681;3490398;7035768;3019031
01/10/2019;210529889;18485051;57148485;88524579;30025580;16346194;1781833;885255;4160344;604506;8626092;849557;1577464;7085488;3274555;9146027;3514210;4022249;9573406;3341216;2304049;14887284;21199588;4029640;17287388;46007963;11453116;7185251;11387213;2786216;3493885;7043730;3022363
01/11/2019;210663562;18504805;57173533;88578043;30043693;16363489;1783435;886297;4165611;606258;8633400;850903;1578900;7088742;3275232;9150599;3516489;4024014;9578330;3342385;2305718;14892022;21209887;4033416;17295797;46038942;11460042;7192571;11391079;2788748;3497370;7051680;3025691
01/12/2019;210796998;18524538;57198533;88631394;30061772;16380762;1785035;887338;4170874;608010;8640699;852247;1580334;7091993;3275907;9155165;3518764;4025778;9583246;3343552;2307384;14896745;21220160;4037187;17304188;46069859;11466956;7199883;11394933;2791277;3500851;7059619;3029015
01/01/2020;210930193;18544249;57223486;88684629;30079817;16398011;1786633;888379;4176131;609762;8647988;853590;1581767;7095240;3276580;9159722;3521034;4027541;9588154;3344716;2309047;14901453;21230407;4040954;17312559;46100710;11473859;7207185;11398774;2793803;3504329;7067545;3032335
01/02/2020;211063145;18563940;57248390;88737749;30097828;16415238;1788228;889418;4181383;611512;8655268;854932;1583199;7098483;3277250;9164272;3523300;4029302;9593054;3345877;2310707;14906145;21240626;4044716;17320910;46131498;11480749;7214478;11402601;2796326;3507803;7075459;3035650
01/03/2020;211195851;18583608;57273245;88790751;30115804;16432442;1789822;890456;4186630;613261;8662537;856272;1584629;7101722;3277917;9168813;3525561;4031061;9597947;3347036;2312366;14910822;21250819;4048472;17329240;46162219;11487626;7221763;11406415;2798845;3511275;7083361;3038962
01/04/2020;211328308;18603255;57298051;88843635;30133745;16449622;1791413;891494;4191872;615009;8669797;857611;1586058;7104957;3278583;9173347;3527818;4032819;9602831;3348192;2314021;14915483;21260985;4052224;17337551;46192876;11494492;7229037;11410216;2801361;3514742;7091251;3042269
01/05/2020;211460513;18622878;57322805;88896400;30151650;16466779;1793002;892531;4197108;616756;8677047;858949;1587486;7108188;3279245;9177872;3530071;4034575;9607707;3349345;2315674;14920129;21271123;4055970;17345841;46223466;11501345;7236303;11414003;2803873;3518207;7099128;3045572
01/06/2020;211592463;18642479;57347509;88949044;30169519;16483912;1794589;893566;4202340;618500;8684288;860285;1588912;7111414;3279905;9182389;3532320;4036329;9612575;3350495;2317324;14924758;21281234;4059711;17354110;46253989;11508185;7243558;11417776;2806382;3521667;7106992;3048870
01/07/2020;211724156;18662057;57372160;89001566;30187352;16501020;1796173;894601;4207566;620243;8691518;861621;1590336;7114637;3280563;9186897;3534564;4038082;9617434;3351642;2318971;14929371;21291316;4063448;17362358;46284445;11515012;7250804;11421536;2808888;3525124;7114844;3052164
01/08/2020;211855588;18681611;57396759;89053966;30205147;16518105;1797755;895635;4212786;621983;8698739;862955;1591759;7117855;3281218;9191397;3536803;4039832;9622285;3352787;2320615;14933968;21301370;4067178;17370584;46314834;11521826;7258040;11425282;2811390;3528578;7122683;3055454
01/09/2020;211986757;18701141;57421305;89106242;30222905;16535164;1799334;896668;4218002;623720;8705949;864287;1593180;7121068;3281870;9195888;3539038;4041580;9627127;3353928;2322257;14938548;21311395;4070904;17378789;46345154;11528626;7265266;11429013;2813888;3532027;7130510;3058739
01/10/2020;212117661;18720647;57445796;89158393;30240626;16552199;1800911;897701;4223212;625455;8713150;865618;1594600;7124277;3282519;9200370;3541268;4043326;9631961;3355067;2323896;14943112;21321392;4074624;17386971;46375406;11535413;7272482;11432730;2816383;3535473;7138323;3062020
01/11/2020;212248295;18740128;57470234;89210418;30258307;16569208;1802485;898732;4228416;627187;8720340;866948;1596018;7127482;3283166;9204842;3543494;4045070;9636786;3356204;2325532;14947658;21331360;4078338;17395132;46405589;11542187;7279687;11436433;2818875;3538914;7146123;3065296
01/12/2020;212378658;18759583;57494616;89262316;30275950;16586192;1804057;899762;4233615;628916;8727520;868277;1597435;7130682;3283810;9209306;3545716;4046811;9641602;3357337;2327165;14952188;21341298;4082047;17403269;46435702;11548947;7286882;11440122;2821362;3542352;7153911;3068567
01/01/2021;212508746;18779014;57518942;89314086;30293554;16603150;1805627;900792;4238809;630642;8734691;869604;1598850;7133877;3284451;9213759;3547932;4048550;9646409;3358467;2328796;14956700;21351206;4085751;17411384;46465745;11555693;7294066;11443795;2823846;3545786;7161685;3071834
01/02/2021;212638558;18798418;57543212;89365727;30311118;16620083;1807193;901820;4243997;632364;8741851;870930;1600263;7137068;3285089;9218204;3550144;4050286;9651207;3359595;2330423;14961195;21361085;4089449;17419476;46495717;11562424;7301240;11447454;2826327;3549215;7169445;3075095
01/03/2021;212768089;18817797;57567424;89417237;30328642;16636989;1808758;902848;4249179;634082;8749000;872255;1601675;7140254;3285724;9222639;3552352;4052019;9655996;3360720;2332048;14965673;21370933;4093141;17427545;46525618;11569142;7308402;11451098;2828803;3552640;7177193;3078353
01/04/2021;212897337;18837149;57591579;89468616;30346125;16653868;1810319;903875;4254356;635796;8756140;873578;1603085;7143435;3286357;9227063;3554555;4053750;9660776;3361842;2333669;14970133;21380751;4096827;17435590;46555447;11575845;7315554;11454727;2831276;3556061;7184926;3081605
01/05/2021;213026299;18856474;57615675;89519862;30363567;16670721;1811878;904900;4259528;637505;8763269;874900;1604494;7146611;3286986;9231478;3556753;4055478;9665546;3362961;2335288;14974575;21390538;4100508;17443611;46585205;11582533;7322694;11458341;2833745;3559477;7192647;3084852
01/06/2021;213154973;18875772;57639712;89570974;30380968;16687547;1813434;905925;4264694;639210;8770388;876221;1605900;7149783;3287613;9235883;3558946;4057203;9670307;3364077;2336903;14978999;21400295;4104182;17451608;46614890;11589206;7329823;11461939;2836210;3562889;7200353;3088095
01/07/2021;213283356;18895042;57663689;89621952;30398327;16704346;1814987;906949;4269854;640911;8777496;877540;1607305;7152949;3288236;9240277;3561135;4058924;9675058;3365190;2338516;14983404;21410019;4107851;17459580;46644502;11595865;7336940;11465522;2838671;3566297;7208046;3091332
01/08/2021;213411444;18914284;57687606;89672793;30415643;16721117;1816538;907972;4275008;642606;8784594;878858;1608708;7156110;3288856;9244661;3563319;4060643;9679800;3366300;2340125;14987791;21419713;4111513;17467528;46674040;11602509;7344046;11469089;2841128;3569700;7215725;3094565
01/09/2021;213539236;18933498;57711462;89723498;30432917;16737861;1818085;908994;4280157;644296;8791682;880174;1610110;7159266;3289473;9249035;3565498;4062358;9684532;3367408;2341731;14992160;21429374;4115170;17475450;46703504;11609137;7351140;11472640;2843581;3573098;7223389;3097793
01/10/2021;213666727;18952684;57735255;89774065;30450147;16754577;1819630;910015;4285300;645981;8798759;881489;1611510;7162417;3290087;9253397;3567673;4064070;9689255;3368512;2343335;14996510;21439004;4118820;17483348;46732894;11615749;7358222;11476176;2846031;3576491;7231040;3101015
01/11/2021;213793916;18971840;57758987;89824492;30467333;16771264;1821172;911035;4290437;647660;8805825;882803;1612908;7165562;3290698;9257749;3569842;4065778;9693967;3369614;2344935;15000841;21448601;4122464;17491219;46762208;11622347;7365292;11479695;2848476;3579880;7238677;3104232
01/12/2021;213920800;18990967;57782655;89874779;30484476;16787923;1822711;912054;4295569;649333;8812881;884115;1614304;7168703;3291305;9262090;3572007;4067483;9698669;3370712;2346532;15005154;21458165;4126102;17499065;46791447;11628928;7372349;11483199;2850917;3583264;7246299;3107444
01/01/2022;214047375;19010064;57806259;89924925;30501574;16804553;1824247;913072;4300694;651000;8819926;885426;1615698;7171837;3291909;9266419;3574166;4069185;9703362;3371808;2348126;15009446;21467697;4129733;17506885;46820610;11635493;7379395;11486686;2853354;3586643;7253907;3110651
01/02/2022;214173639;19029131;57829798;89974929;30518626;16821155;1825780;914089;4305814;652661;8826960;886735;1617091;7174967;3292510;9270738;3576321;4070882;9708044;3372900;2349716;15013720;21477195;4133358;17514679;46849697;11642042;7386428;11490156;2855786;3590016;7261500;3113852
01/03/2022;214299589;19048167;57853273;90024789;30535633;16837727;1827310;915105;4310928;654315;8833984;888043;1618481;7178091;3293108;9275045;3578471;4072576;9712716;3373990;2351304;15017974;21486660;4136977;17522446;46878706;11648575;7393448;11493610;2858215;3593385;7269079;3117048
01/04/2022;214425222;19067173;57876682;90074504;30552594;16854269;1828838;916121;4316035;655963;8840997;889350;1619870;7181209;3293702;9279340;3580616;4074266;9717377;3375076;2352888;15022208;21496091;4140589;17530186;46907638;11655092;7400455;11497047;2860639;3596749;7276643;3120239
01/05/2022;214550536;19086147;57900024;90124073;30569509;16870782;1830361;917135;4321137;657603;8847999;890655;1621257;7184321;3294292;9283623;3582756;4075951;9722028;3376160;2354468;15026423;21505488;4144194;17537898;46936492;11661592;7407450;11500468;2863059;3600107;7284192;3123424
01/06/2022;214675527;19105090;57923299;90173496;30586377;16887265;1831882;918148;4326233;659237;8854990;891958;1622642;7187428;3294879;9287895;3584891;4077633;9726669;3377240;2356046;15030617;21514851;4147793;17545584;46965268;11668075;7414431;11503871;2865475;3603460;7291726;3126604
01/07/2022;214800193;19124001;57946507;90222770;30603198;16903717;1833400;919160;4331323;660862;8861970;893261;1624025;7190529;3295463;9292155;3587021;4079310;9731299;3378318;2357620;15034791;21524179;4151385;17553241;46993964;11674541;7421399;11507258;2867886;3606807;7299246;3129778
01/08/2022;214924531;19142879;57969646;90271896;30619971;16920140;1834914;920171;4336407;662481;8868939;894561;1625406;7193625;3296043;9296402;3589146;4080983;9735918;3379392;2359191;15038945;21533473;4154971;17560871;47022581;11680990;7428354;11510626;2870293;3610149;7306750;3132947
01/09/2022;215048538;19161725;57992716;90320871;30636695;16936531;1836426;921181;4341485;664091;8875897;895861;1626785;7196714;3296620;9300637;3591266;4082652;9740526;3380464;2360758;15043078;21542731;4158549;17568472;47051119;11687421;7435296;11513978;2872696;3613486;7314239;3136110
01/10/2022;215172212;19180538;58015716;90369695;30653371;16952891;1837934;922190;4346556;665693;8882845;897159;1628162;7199797;3297192;9304860;3593381;4084316;9745123;3381532;2362322;15047191;21551954;4162121;17576045;47079575;11693836;7442223;11517312;2875094;3616817;7321713;3139267
01/11/2022;215295549;19199318;58038645;90418367;30669998;16969220;1839439;923198;4351622;667286;8889781;898455;1629537;7202875;3297762;9309070;3595491;4085975;9749710;3382598;2363883;15051282;21561142;4165685;17583589;47107951;11700232;7449137;11520628;2877487;3620142;7329172;3142419
01/12/2022;215418546;19218064;58061504;90466886;30686575;16985518;1840940;924205;4356681;668872;8896706;899750;1630911;7205946;3298327;9313268;3597595;4087630;9754285;3383660;2365440;15055353;21570294;4169243;17591104;47136245;11706611;7456037;11523927;2879876;3623462;7336615;3145565
01/01/2023;215541202;19236776;58084290;90515249;30703103;17001783;1842438;925211;4361734;670448;8903619;901043;1632282;7209011;3298889;9317452;3599694;4089280;9758849;3384719;2366994;15059402;21579409;4172794;17598589;47164458;11712972;7462923;11527207;2882261;3626775;7344043;3148705
01/02/2023;215663512;19255453;58107005;90563458;30719580;17018017;1843933;926216;4366781;672015;8910522;902335;1633651;7212070;3299447;9321624;3601789;4090925;9763401;3385775;2368544;15063430;21588488;4176337;17606045;47192588;11719314;7469795;11530470;2884641;3630083;7351454;3151839
01/03/2023;215785475;19274096;58129646;90611509;30736006;17034219;1845424;927220;4371822;673573;8917413;903626;1635018;7215123;3300001;9325782;3603878;4092565;9767943;3386828;2370091;15067436;21597530;4179873;17613471;47220635;11725639;7476653;11533714;2887016;3633385;7358851;3154967
01/04/2023;215907087;19292703;58152213;90659403;30752380;17050388;1846912;928223;4376856;675122;8924293;904915;1636383;7218169;3300551;9329927;3605961;4094200;9772472;3387878;2371634;15071421;21606536;4183402;17620867;47248598;11731945;7483496;11536940;2889386;3636681;7366231;3158090
01/05/2023;216028345;19311275;58174706;90707137;30768703;17066524;1848397;929225;4381884;676661;8931162;906202;1637745;7221209;3301097;9334058;3608040;4095830;9776991;3388924;2373173;15075384;21615504;4186924;17628232;47276478;11738232;7490324;11540147;2891752;3639971;7373595;3161206
01/06/2023;216149247;19329811;58197124;90754712;30784974;17082627;1849877;930225;4386906;678189;8938019;907488;1639106;7224242;3301640;9338176;3610113;4097455;9781497;3389968;2374709;15079324;21624434;4190438;17635566;47304274;11744500;7497137;11543336;2894113;3643254;7380944;3164316
01/07/2023;216269790;19348310;58219466;90802125;30801192;17098697;1851355;931225;4391921;679708;8944864;908772;1640465;7227269;3302178;9342280;3612181;4099074;9785992;3391008;2376241;15083243;21633327;4193944;17642870;47331984;11750750;7503936;11546506;2896469;3646532;7388276;3167420
01/08/2023;216389972;19366773;58241732;90849377;30817357;17114733;1852829;932224;4396930;681217;8951699;910055;1641821;7230290;3302712;9346371;3614243;4100688;9790474;3392046;2377770;15087139;21642182;4197444;17650142;47359609;11756980;7510719;11549657;2898821;3649803;7395592;3170518
01/09/2023;216509788;19385200;58263921;90896465;30833468;17130736;1854299;933221;4401932;682714;8958521;911337;1643175;7233303;3303243;9350447;3616300;4102296;9794945;3393080;2379295;15091012;21650998;4200935;17657383;47387149;11763191;7517488;11552789;2901167;3653067;7402891;3173610
01/10/2023;216629237;19403588;58286031;90943388;30849525;17146704;1855765;934218;4406928;684201;8965333;912616;1644527;7236310;3303769;9354509;3618352;4103898;9799404;3394111;2380816;15094863;21659776;4204419;17664591;47414602;11769383;7524241;11555902;2903509;3656325;7410175;3176695
01/11/2023;216748316;19421939;58308064;90990146;30865528;17162638;1857228;935213;4411917;685677;8972132;913895;1645877;7239310;3304291;9358556;3620398;4105495;9803851;3395138;2382334;15098691;21668515;4207895;17671768;47441968;11775555;7530978;11558995;2905846;3659577;7417441;3179775
01/12/2023;216867021;19440252;58330017;91036737;30881476;17178538;1858687;936207;4416900;687142;8978920;915171;1647224;7242303;3304809;9362590;3622439;4107086;9808285;3396163;2383847;15102496;21677215;4211364;17678912;47469246;11781707;7537700;11562069;2908177;3662822;7424691;3182848
01/01/2024;216985350;19458527;58351891;91083161;30897369;17194402;1860143;937200;4421877;688595;8985696;916447;1648570;7245290;3305322;9366608;3624474;4108671;9812707;3397184;2385357;15106278;21685875;4214824;17686024;47496437;11787839;7544406;11565123;2910504;3666060;7431925;3185914
01/02/2024;217103301;19476763;58373685;91129416;30913205;17210232;1861594;938193;4426846;690036;8992460;917720;1649913;7248269;3305832;9370612;3626504;4110250;9817116;3398202;2386864;15110036;21694496;4218277;17693103;47523540;11793951;7551096;11568158;2912826;3669292;7439141;3188974
01/03/2024;217220869;19494959;58395397;91175501;30928986;17226027;1863042;939184;4431809;691465;8999213;918992;1651254;7251242;3306337;9374601;3628529;4111822;9821513;3399217;2388366;15113770;21703077;4221722;17700149;47550554;11800043;7557770;11571173;2915142;3672516;7446341;3192028
01/04/2024;217338054;19513117;58417027;91221415;30944710;17241785;1864486;940173;4436766;692882;9005954;920263;1652592;7254207;3306838;9378575;3630548;4113389;9825898;3400228;2389864;15117481;21711617;4225159;17707161;47577478;11806114;7564428;11574167;2917453;3675734;7453523;3195075
01/05/2024;217454851;19531234;58438576;91267157;30960376;17257508;1865926;941162;4441716;694287;9012683;921532;1653928;7257165;3307334;9382533;3632561;4114949;9830269;3401237;2391359;15121168;21720117;4228587;17714139;47604313;11812165;7571069;11577142;2919760;3678945;7460689;3198115
01/06/2024;217571258;19549311;58460041;91312725;30975985;17273195;1867363;942150;4446659;695679;9019400;922799;1655262;7260116;3307826;9386476;3634569;4116503;9834628;3402242;2392850;15124831;21728576;4232008;17721083;47631058;11818195;7577694;11580096;2922061;3682149;7467837;3201149
01/07/2024;217687271;19567348;58481422;91358119;30991536;17288846;1868795;943136;4451595;697059;9026105;924065;1656594;7263059;3308314;9390404;3636571;4118050;9838974;3403244;2394337;15128470;21736995;4235420;17727993;47657711;11824204;7584303;11583030;2924357;3685345;7474968;3204176
01/08/2024;217802889;19585343;58502719;91403338;31007029;17304460;1870223;944122;4456524;698425;9032798;925329;1657923;7265996;3308797;9394316;3638567;4119590;9843307;3404242;2395819;15132084;21745372;4238824;17734869;47684274;11830192;7590894;11585943;2926647;3688535;7482081;3207197
01/09/2024;217918109;19603297;58523931;91448381;31022462;17320037;1871648;945106;4461447;699778;9039479;926591;1659249;7268924;3309276;9398213;3640558;4121124;9847626;3405237;2397298;15135674;21753707;4242220;17741710;47710744;11836158;7597469;11588836;2928932;3691717;7489177;3210211
01/10/2024;218032927;19621210;58545058;91493245;31037837;17335577;1873068;946089;4466363;701117;9046147;927852;1660574;7271846;3309750;9402093;3642543;4122651;9851933;3406229;2398773;15139239;21762000;4245607;17748515;47737123;11842103;7604026;11591707;2931212;3694892;7496256;3213218
01/11/2024;218147341;19639081;58566098;91537931;31053151;17351080;1874484;947071;4471272;702442;9052804;929111;1661896;7274759;3310219;9405958;3644523;4124172;9856226;3407218;2400244;15142779;21770252;4248986;17755285;47763408;11848026;7610567;11594558;2933487;3698059;7503316;3216218
01/12/2024;218261347;19656909;58587050;91582438;31068405;17366545;1875897;948052;4476174;703754;9059449;930369;1663215;7277666;3310684;9409806;3646496;4125685;9860506;3408203;2401711;15146294;21778461;4252356;17762020;47789601;11853928;7617090;11597388;2935756;3701220;7510359;3219211
01/01/2025;218374944;19674694;58607916;91626763;31083598;17381973;1877305;949032;4481069;705051;9066081;931625;1664532;7280564;3311144;9413638;3648464;4127191;9864772;3409185;2403173;15149784;21786627;4255718;17768719;47815699;11859807;7623595;11600196;2938019;3704372;7517384;3222197
01/02/2025;218488128;19692437;58628693;91670907;31098731;17397362;1878708;950010;4485957;706334;9072701;932879;1665847;7283455;3311600;9417453;3650426;4128690;9869025;3410164;2404632;15153248;21794750;4259071;17775381;47841704;11865665;7630083;11602983;2940277;3707517;7524391;3225176
01/03/2025;218600897;19710136;58649381;91714867;31113801;17412713;1880108;950987;4490838;707602;9079309;934132;1667159;7286338;3312050;9421252;3652383;4130181;9873264;3411139;2406086;15156687;21802831;4262416;17782007;47867614;11871500;7636553;11605748;2942530;3710654;7531380;3228149
01/04/2025;218713247;19727791;58669979;91758643;31128810;17428025;1881504;951964;4495712;708856;9085904;935383;1668468;7289213;3312496;9425033;3654333;4131665;9877490;3412111;2407537;15160100;21810867;4265751;17788596;47893428;11877312;7643005;11608492;2944777;3713783;7538351;3231114
01/05/2025;218825176;19745402;58690487;91802234;31143756;17443299;1882895;952939;4500579;710094;9092487;936633;1669775;7292080;3312937;9428798;3656278;4133142;9881701;3413079;2408983;15163488;21818860;4269078;17795148;47919147;11883102;7649440;11611214;2947018;3716905;7545304;3234072
01/06/2025;218936681;19762968;58710904;91845638;31158639;17458533;1884282;953913;4505439;711317;9099058;937881;1671080;7294940;3313373;9432546;3658217;4134611;9885899;3414044;2410425;15166849;21826809;4272396;17801663;47944770;11888869;7655855;11613914;2949254;3720019;7552238;3237022
01/07/2025;219047759;19780489;58731229;91888855;31173458;17473728;1885664;954885;4510292;712524;9105616;939127;1672381;7297791;3313805;9436277;3660150;4136073;9890082;3415006;2411863;15170184;21834714;4275705;17808140;47970296;11894613;7662253;11616592;2951484;3723124;7559153;3239966
01/08/2025;219158408;19797965;58751462;91931884;31188214;17488883;1887042;955857;4515138;713715;9112161;940371;1673681;7300634;3314231;9439990;3662077;4137526;9894251;3415964;2413296;15173492;21842574;4279005;17814580;47995725;11900334;7668632;11619247;2953708;3726222;7566051;3242902
01/09/2025;219268624;19815396;58771602;91974722;31202905;17503999;1888416;956827;4519976;714891;9118694;941614;1674977;7303469;3314652;9443686;3663998;4138972;9898406;3416919;2414725;15176774;21850389;4282296;17820981;48021056;11906032;7674992;11621881;2955927;3729312;7572929;3245831
01/10/2025;219378405;19832781;58791648;92017370;31217532;17519074;1889786;957796;4524808;716050;9125215;942855;1676271;7306295;3315069;9447364;3665913;4140410;9902547;3417871;2416150;15180029;21858159;4285578;17827344;48046289;11911706;7681334;11624492;2958140;3732393;7579789;3248753
01/11/2025;219487747;19850119;58811600;92059826;31232093;17534109;1891151;958764;4529632;717193;9131722;944094;1677563;7309114;3315480;9451024;3667822;4141840;9906673;3418819;2417571;15183257;21865884;4288850;17833669;48071423;11917357;7687657;11627080;2960347;3735466;7586629;3251667
01/12/2025;219596649;19867410;58831457;92102089;31246589;17549103;1892511;959731;4534448;718319;9138217;945332;1678852;7311924;3315886;9454667;3669725;4143261;9910785;3419763;2418987;15186458;21873563;4292114;17839954;48096458;11922984;7693960;11629645;2962548;3738531;7593451;3254573
01/01/2026;219705107;19884655;58851218;92144158;31261019;17564057;1893867;960696;4539258;719428;9144699;946568;1680138;7314725;3316287;9458291;3671622;4144675;9914882;3420705;2420399;15189632;21881196;4295368;17846200;48121394;11928586;7700245;11632188;2964743;3741587;7600254;3257472
01/02/2026;219813118;19901852;58870883;92186032;31275382;17578969;1895218;961660;4544060;720520;9151169;947802;1681421;7317518;3316683;9461897;3673513;4146080;9918965;3421642;2421806;15192779;21888783;4298612;17852407;48146230;11934165;7706510;11634707;2966932;3744635;7607038;3260364
01/03/2026;219920680;19919001;58890451;92227710;31289678;17593840;1896565;962623;4548855;721595;9157625;949035;1682702;7320303;3317074;9465485;3675398;4147476;9923032;3422576;2423209;15195898;21896324;4301847;17858574;48170964;11939719;7712755;11637204;2969115;3747674;7613802;3263248
01/04/2026;220027790;19936102;58909922;92269190;31303907;17608669;1897907;963585;4553642;722652;9164069;950266;1683980;7323079;3317459;9469054;3677277;4148864;9927085;3423507;2424608;15198989;21903818;4305073;17864701;48195598;11945249;7718981;11639677;2971293;3750705;7620547;3266124
01/05/2026;220134445;19953154;58929294;92310472;31318068;17623456;1899245;964546;4558422;723691;9170500;951495;1685255;7325846;3317839;9472604;3679150;4150244;9931123;3424434;2426002;15202052;21911265;4308289;17870788;48220130;11950754;7725188;11642126;2973464;3753727;7627272;3268993
01/06/2026;220240641;19970158;58948567;92351554;31332161;17638201;1900578;965505;4563195;724712;9176918;952722;1686528;7328605;3318214;9476136;3681016;4151615;9935145;3425358;2427391;15205087;21918664;4311495;17876834;48244561;11956235;7731374;11644552;2975629;3756740;7633978;3271854
01/07/2026;220346377;19987113;58967741;92392435;31346184;17652904;1901906;966463;4567960;725715;9183323;953948;1687798;7331354;3318584;9479649;3682876;4152976;9939153;3426278;2428777;15208094;21926016;4314692;17882839;48268888;11961690;7737540;11646954;2977788;3759745;7640665;3274707
01/08/2026;220451650;20004017;58986814;92433115;31360139;17667564;1903229;967420;4572718;726699;9189715;955172;1689065;7334095;3318948;9483142;3684730;4154329;9943145;3427195;2430157;15211073;21933320;4317879;17888803;48293113;11967120;7743686;11649333;2979941;3762740;7647331;3277552
01/09/2026;220556456;20020872;59005787;92473592;31374024;17682181;1904548;968376;4577468;727665;9196093;956394;1690329;7336827;3319306;9486617;3686578;4155673;9947122;3428108;2431533;15214023;21940577;4321056;17894726;48317234;11972525;7749812;11651687;2982087;3765727;7653978;3280389
01/10/2026;220660793;20037677;59024657;92513865;31387839;17696756;1905862;969330;4582210;728612;9202459;957614;1691590;7339550;3319659;9490071;3688420;4157008;9951083;3429018;2432904;15216944;21947784;4324223;17900607;48341250;11977905;7755917;11654017;2984228;3768704;7660605;3283219
01/11/2026;220764658;20054431;59043426;92553933;31401583;17711286;1907170;970283;4586945;729539;9208811;958833;1692848;7342264;3320007;9493507;3690255;4158334;9955029;3429924;2434271;15219836;21954944;4327381;17906446;48365163;11983258;7762001;11656323;2986362;3771672;7667212;3286040
01/12/2026;220868049;20071134;59062091;92593795;31415256;17725773;1908475;971235;4591672;730447;9215150;960050;1694104;7344968;3320349;9496923;3692084;4159650;9958959;3430826;2435633;15222699;21962054;4330528;17912243;48388970;11988586;7768065;11658605;2988489;3774632;7673799;3288853
01/01/2027;220970961;20087785;59080653;92633449;31428858;17740216;1909774;972186;4596392;731336;9221476;961265;1695357;7347664;3320685;9500319;3693907;4160957;9962873;3431725;2436991;15225533;21969115;4333665;17917997;48412672;11993888;7774108;11660862;2990611;3777581;7680365;3291659
01/02/2027;221073394;20104385;59099111;92672895;31442388;17754615;1911068;973135;4601104;732205;9227789;962478;1696607;7350350;3321016;9503695;3695723;4162254;9966771;3432620;2438343;15228337;21976127;4336792;17923709;48436267;11999164;7780129;11663094;2992726;3780522;7686911;3294456
01/03/2027;221175343;20120932;59117464;92712132;31455845;17768969;1912357;974083;4605808;733053;9234088;963690;1697854;7353027;3321341;9507050;3697533;4163542;9970654;3433512;2439691;15231112;21983088;4339909;17929378;48459757;12004414;7786130;11665301;2994835;3783453;7693437;3297245
01/04/2027;221276805;20137427;59135711;92751158;31469230;17783279;1913641;975030;4610504;733881;9240374;964899;1699097;7355695;3321661;9510386;3699336;4164821;9974520;3434400;2441035;15233858;21990000;4343016;17935003;48483139;12009637;7792109;11667484;2996937;3786375;7699942;3300025
01/05/2027;221377779;20153870;59153852;92789973;31482541;17797544;1914920;975975;4615193;734689;9246646;966107;1700339;7358353;3321974;9513701;3701133;4166089;9978371;3435284;2442373;15236573;21996862;4346112;17940585;48506414;12014833;7798067;11669641;2999032;3789287;7706427;3302798
01/06/2027;221478262;20170259;59171886;92828575;31495779;17811763;1916194;976919;4619873;735476;9252905;967313;1701577;7361002;3322282;9516996;3702924;4167347;9982205;3436165;2443707;15239258;22003673;4349198;17946123;48529580;12020003;7804003;11671773;3001122;3792189;7712891;3305562
01/07/2027;221578249;20186594;59189812;92866963;31508942;17825937;1917463;977862;4624546;736242;9259151;968518;1702812;7363641;3322584;9520270;3704708;4168596;9986023;3437042;2445036;15241913;22010434;4352274;17951617;48552639;12025145;7809917;11673880;3003204;3795082;7719334;3308318
01/08/2027;221677739;20202876;59207631;92905136;31522031;17840066;1918727;978804;4629211;736987;9265383;969720;1704044;7366270;3322881;9523523;3706486;4169834;9989824;3437916;2446360;15244537;22017143;4355339;17957066;48575588;12030260;7815809;11675962;3005280;3797965;7725756;3311065
01/09/2027;221776729;20219103;59225340;92943093;31535045;17854148;1919986;979744;4633869;737710;9271601;970921;1705273;7368890;3323171;9526755;3708257;4171063;9993609;3438786;2447679;15247131;22023801;4358393;17962471;48598428;12035348;7821680;11678017;3007349;3800838;7732157;3313804
01/10/2027;221875217;20235276;59242940;92980833;31547984;17868185;1921239;980683;4638518;738412;9277805;972120;1706499;7371500;3323455;9529966;3710021;4172281;9997377;3439652;2448993;15249694;22030407;4361437;17967831;48621158;12040409;7827528;11680047;3009412;3803701;7738537;3316535
01/11/2027;221973198;20251393;59260429;93018354;31560846;17882174;1922487;981621;4643159;739092;9283996;973316;1707722;7374101;3323734;9533156;3711779;4173488;10001129;3440515;2450302;15252226;22036962;4364470;17973145;48643777;12045442;7833353;11682051;3011468;3806554;7744896;3319256
01/12/2027;222070670;20267456;59277808;93055657;31573632;17896118;1923730;982557;4647792;739750;9290173;974512;1708941;7376691;3324006;9536324;3713531;4174686;10004863;3441373;2451607;15254727;22043464;4367492;17978415;48666286;12050447;7839157;11684029;3013517;3809397;7751234;3321970
01/01/2028;222167631;20283462;59295075;93092739;31586342;17910014;1924968;983492;4652417;740385;9296337;975705;1710158;7379271;3324272;9539471;3715275;4175872;10008581;3442229;2452906;15257197;22049914;4370504;17983638;48688683;12055424;7844937;11685980;3015559;3812230;7757550;3324674
01/02/2028;222264078;20299413;59312230;93129599;31598974;17923863;1926200;984426;4657035;740998;9302486;976896;1711372;7381842;3324532;9542596;3717013;4177048;10012282;3443080;2454200;15259635;22056312;4373504;17988815;48710968;12060373;7850695;11687906;3017595;3815053;7763844;3327370
01/03/2028;222360007;20315307;59329272;93166237;31611528;17937664;1927427;985358;4661644;741588;9308622;978086;1712582;7384402;3324786;9545699;3718745;4178214;10015966;3443928;2455490;15262042;22062656;4376494;17993946;48733141;12065294;7856430;11689804;3019623;3817866;7770118;3330057
01/04/2028;222455417;20331144;59346200;93202651;31624004;17951418;1928648;986289;4666245;742155;9314744;979274;1713790;7386953;3325034;9548780;3720470;4179368;10019632;3444772;2456774;15264417;22068947;4379473;17999031;48755200;12070186;7862142;11691677;3021645;3820668;7776369;3332736
01/05/2028;222550304;20346924;59363015;93238840;31636402;17965123;1929865;987219;4670837;742699;9320851;980459;1714994;7389493;3325276;9551839;3722188;4180512;10023282;3445612;2458053;15266760;22075185;4382440;18004069;48777147;12075049;7867830;11693522;3023660;3823460;7782599;3335405
01/06/2028;222644665;20362647;59379714;93274803;31648720;17978781;1931075;988147;4675422;743219;9326945;981643;1716195;7392022;3325511;9554876;3723899;4181644;10026914;3446448;2459327;15269071;22081368;4385397;18009059;48798979;12079884;7873496;11695341;3025668;3826241;7788806;3338066
01/07/2028;222738498;20378311;59396298;93310540;31660959;17992390;1932280;989074;4679998;743716;9333025;982825;1717393;7394542;3325740;9557891;3725603;4182766;10030528;3447281;2460597;15271350;22087498;4388342;18014002;48820697;12084689;7879137;11697132;3027669;3829012;7794992;3340718
01/08/2028;222831799;20393918;59412766;93346048;31673118;18005950;1933480;989999;4684566;744189;9339091;984005;1718587;7397051;3325963;9560883;3727301;4183876;10034125;3448110;2461860;15273596;22093573;4391276;18018898;48842301;12089466;7884756;11698897;3029662;3831772;7801156;3343360
01/09/2028;222924567;20409465;59429116;93381327;31685196;18019461;1934674;990923;4689126;744637;9345142;985184;1719779;7399550;3326180;9563852;3728992;4184975;10037705;3448935;2463119;15275810;22099594;4394199;18023745;48863789;12094213;7890350;11700634;3031649;3834521;7807297;3345994
01/10/2028;223016797;20424954;59445350;93416376;31697194;18032923;1935862;991846;4693678;745062;9351179;986360;1720967;7402038;3326390;9566798;3730676;4186062;10041266;3449757;2464373;15277991;22105560;4397110;18028544;48885161;12098930;7895920;11702343;3033629;3837260;7813417;3348619
01/11/2028;223108488;20440384;59461465;93451193;31709111;18046336;1937045;992768;4698221;745461;9357203;987534;1722152;7404515;3326593;9569721;3732353;4187138;10044810;3450574;2465621;15280139;22111471;4400010;18033295;48906417;12103618;7901467;11704026;3035601;3839987;7819513;3351234
01/12/2028;223199637;20455754;59477461;93485778;31720945;18059699;1938222;993688;4702756;745836;9363211;988707;1723333;7406982;3326790;9572621;3734023;4188203;10048336;3451388;2466864;15282254;22117327;4402899;18037997;48927555;12108277;7906989;11705680;3037566;3842704;7825588;3353840
01/01/2029;223290240;20471063;59493338;93520129;31732698;18073011;1939393;994606;4707282;746186;9369206;989878;1724512;7409438;3326981;9575498;3735686;4189255;10051844;3452198;2468102;15284335;22123126;4405775;18042650;48948577;12112905;7912487;11707306;3039524;3845410;7831640;3356438
01/02/2029;223380294;20486313;59509095;93554246;31744367;18086274;1940559;995524;4711800;746511;9375186;991046;1725687;7411884;3327165;9578351;3737343;4190296;10055333;3453004;2469334;15286383;22128870;4408641;18047254;48969481;12117503;7917960;11708905;3041475;3848105;7837669;3359026
01/03/2029;223469798;20501501;59524730;93588126;31755954;18099486;1941719;996440;4716310;746810;9381152;992213;1726858;7414319;3327342;9581181;3738992;4191325;10058805;3453806;2470562;15288398;22134558;4411494;18051808;48990266;12122070;7923409;11710475;3043418;3850788;7843675;3361604
01/04/2029;223558748;20516629;59540245;93621770;31767457;18112647;1942873;997354;4720811;747083;9387103;993378;1728026;7416742;3327513;9583987;3740635;4192342;10062258;3454605;2471783;15290379;22140189;4414336;18056312;49010933;12126607;7928833;11712018;3045354;3853461;7849659;3364173
01/05/2029;223647141;20531695;59555637;93655176;31778877;18125757;1944021;998267;4725304;747331;9393040;994540;1729191;7419155;3327677;9586770;3742270;4193347;10065693;3455399;2473000;15292326;22145763;4417166;18060766;49031480;12131114;7934232;11713531;3047283;3856122;7855620;3366733
01/06/2029;223734975;20546699;59570906;93688343;31790211;18138816;1945163;999179;4729788;747552;9398963;995701;1730353;7421557;3327835;9589528;3743899;4194340;10069109;3456190;2474211;15294238;22151281;4419984;18065170;49051908;12135589;7939605;11715016;3049204;3858771;7861557;3369283
01/07/2029;223822247;20561641;59586052;93721269;31801461;18151824;1946300;1000089;4734263;747747;9404870;996860;1731511;7423948;3327985;9592262;3745520;4195320;10072507;3456977;2475417;15296117;22156741;4422790;18069523;49072215;12140034;7944954;11716473;3051118;3861410;7867472;3371824
01/08/2029;223908953;20576520;59601073;93753955;31812626;18164779;1947430;1000998;4738730;747915;9410764;998017;1732665;7426327;3328129;9594972;3747134;4196288;10075885;3457760;2476617;15297961;22162143;4425584;18073825;49092402;12144447;7950278;11717901;3053024;3864037;7873363;3374356
01/09/2029;223995092;20591336;59615970;93786398;31823705;18177683;1948555;1001905;4743188;748057;9416642;999172;1733817;7428696;3328266;9597657;3748741;4197244;10079246;3458539;2477812;15299770;22167488;4428367;18078076;49112467;12148830;7955575;11719300;3054923;3866652;7879231;3376877
01/10/2029;224080659;20606089;59630742;93818597;31834697;18190534;1949674;1002811;4747638;748171;9422506;1000325;1734964;7431053;3328396;9600318;3750341;4198187;10082587;3459314;2479001;15301545;22172775;4431136;18082276;49132410;12153180;7960848;11720669;3056814;3869255;7885075;3379389
01/11/2029;224165654;20620779;59645387;93850552;31845603;18203333;1950786;1003716;4752079;748258;9428355;1001476;1736109;7433399;3328520;9602954;3751934;4199117;10085909;3460085;2480185;15303285;22178003;4433894;18086423;49152231;12157499;7966094;11722010;3058698;3871847;7890896;3381892
01/12/2029;224250071;20635404;59659905;93882261;31856422;18216079;1951893;1004619;4756511;748318;9434189;1002625;1737249;7435733;3328636;9605565;3753520;4200035;10089213;3460852;2481363;15304989;22183172;4436640;18090519;49171930;12161786;7971315;11723321;3060573;3874427;7896693;3384385
01/01/2030;224333910;20649965;59674296;93913724;31867153;18228772;1952993;1005521;4760934;748350;9440009;1003772;1738387;7438056;3328745;9608151;3755098;4200940;10092497;3461616;2482535;15306658;22188283;4439373;18094562;49191505;12166041;7976509;11724603;3062442;3876996;7902467;3386867
01/02/2030;224417166;20664461;59688559;93944938;31877796;18241411;1954087;1006421;4765349;748353;9445814;1004917;1739520;7440368;3328848;9610712;3756669;4201832;10095762;3462375;2483702;15308292;22193334;4442094;18098553;49210957;12170264;7981677;11725855;3064302;3879552;7908217;3389341
01/03/2030;224499838;20678893;59702693;93975904;31888351;18253997;1955175;1007320;4769755;748329;9451603;1006060;1740650;7442667;3328943;9613247;3758233;4202711;10099007;3463130;2484864;15309890;22198326;4444802;18102491;49230284;12174455;7986819;11727077;3066155;3882096;7913943;3391804
01/04/2030;224581922;20693258;59716698;94006619;31898817;18266530;1956257;1008217;4774151;748276;9457378;1007201;1741777;7444956;3329031;9615757;3759790;4203576;10102233;3463882;2486020;15311453;22203259;4447498;18106375;49249487;12178613;7991935;11728269;3068000;3884629;7919644;3394257
01/05/2030;224663415;20707558;59730572;94037084;31909193;18279008;1957333;1009113;4778539;748195;9463138;1008340;1742900;7447232;3329112;9618242;3761339;4204429;10105440;3464629;2487170;15312979;22208131;4450182;18110207;49268564;12182738;7997024;11729431;3069837;3887149;7925322;3396700
01/06/2030;224744315;20721792;59744316;94067296;31919480;18291432;1958403;1010007;4782919;748085;9468883;1009477;1744019;7449497;3329186;9620701;3762882;4205268;10108627;3465372;2488314;15314470;22212943;4452853;18113984;49287516;12186831;8002086;11730563;3071666;3889657;7930975;3399134
01/07/2030;224824619;20735959;59757928;94097254;31929676;18303801;1959466;1010900;4787289;747945;9474612;1010612;1745135;7451750;3329253;9623133;3764416;4206094;10111794;3466112;2489453;15315924;22217694;4455511;18117708;49306341;12190891;8007121;11731665;3073488;3892152;7936605;3401557
01/08/2030;224904324;20750059;59771408;94126959;31939782;18316116;1960523;1011792;4791650;747777;9480327;1011745;1746247;7453991;3329312;9625540;3765944;4206906;10114941;3466847;2490586;15317342;22222385;4458156;18121378;49325040;12194917;8012129;11732736;3075301;3894635;7942209;3403970
01/09/2030;224983427;20764092;59784756;94156407;31949797;18328375;1961573;1012682;4796002;747579;9486026;1012876;1747355;7456220;3329364;9627921;3767463;4207705;10118069;3467579;2491713;15318723;22227014;4460788;18124993;49343612;12198910;8017110;11733777;3077107;3897106;7947789;3406373
01/10/2030;225061926;20778058;59797970;94185599;31959720;18340579;1962617;1013570;4800345;747351;9491710;1014004;1748460;7458437;3329409;9630275;3768976;4208490;10121176;3468306;2492834;15320067;22231582;4463408;18128553;49362056;12202870;8022063;11734787;3078904;3899564;7953345;3408766
01/11/2030;225139817;20791955;59811050;94214534;31969551;18352728;1963655;1014457;4804679;747093;9497379;1015131;1749561;7460642;3329446;9632603;3770481;4209261;10124263;3469029;2493950;15321374;22236089;4466015;18132058;49380372;12206795;8026989;11735766;3080693;3902010;7958876;3411148
01/12/2030;225217098;20805784;59823995;94243209;31979289;18364820;1964686;1015342;4809004;746805;9503033;1016256;1750659;7462835;3329476;9634904;3771979;4210018;10127330;3469748;2495060;15322644;22240533;4468609;18135508;49398559;12210687;8031887;11736714;3082475;3904443;7964382;3413520
